,player_id,predicted_value
0,0014c193005b425aaad55358686fb0dd1a4a0755,132.03795133812326
1,003af1e4636109b822c9acfa703cb517c46d89fc,145.7426001857075
2,0043ac96d4fde6fcfd5a841b8d902661e69a6009,253.48834874268437
3,0084c15ee1d82fb5b793e1ff130f46651dd13e17,117.29779573342219
4,00e99b6a19161174f9f6520a80783c70236d8403,455.9503386831832
5,00f2af912fbb0f299e177f6ff00fafed7bf79aa5,87.826076981022
6,00fb2414b8f5bcdec5e0398176d9c76747645772,203.89290756448995
7,01062805175a65bbfb5e2024853137219296e26c,181.15171500173477
8,011de33d151ba44dc18c0a7129b4df39ed66b8cc,43.06711642742641
9,016b7124144bdb5822af25b395629a805e22ec91,178.93398632425567
10,01aa9f48c9a636dfb01e4e66a4f3ce742f908e4a,249.4029414877092
11,020e1c97d88916739bc1c2276a6ef8e91447443f,172.84323308803351
12,0250bb29dfa83e5e2d855c2f18d826b57cde4191,547.4486390132141
13,02608b1a3a44adacbae06ceb30accc9110a0e336,330.5376763407795
14,029a2a4091a3dadd2e8b2c9945c49172bc9a2d13,193.07057392721416
15,02bb069b777c03d0c54f558342343bebeed3b402,423.9135768866885
16,031430dc518164c6d1cb405740f96f9385674ba0,443.8217740569685
17,0332bade03d7ac5b1931431d7753c6705f634841,39.64603202861471
18,036bb24338d2cb9318ab0cc768eeee1d32515369,160.19431706101628
19,037158ce34a79cee4dd9ddafd4c7b8ca90327429,410.13090006391883
20,039b39385faa43693cf102b50f9495344b15b285,384.5101822411695
21,03a331b503c0497a3d4cfacd5742d34739d29080,42.160866774416064
22,03ac692fdfbfcfc804c4f741888f8b004dbbd896,133.50432070854112
23,04109b2ec7a31d53d44fe227f0586200e1b3c493,472.09187483402684
24,041315d0596ffddb891dd84ae1bb692431921fe6,400.2818946527008
25,043aacf89c75553ed221af33bd5f157575ab0f96,166.06648702863188
26,046aa119cf276cb291309b36e32ae78957fe3818,325.4427058910172
27,04919f19fd9c50566716c96ff5f0615b14ccfe3d,440.8899258913002
28,04f9c2f30346853e09f3678562b61e8957eef0aa,668.9684165081744
29,04fff5fe242de0e6f076cf320985c8ef8643e589,0.0
30,050c1dab2befebe73b385a13ca7d7bca764b20ca,103.66449663468707
31,054330d52db7c91df94452501112e67b3986598b,34.87446765119739
32,05489443ace8032d1a897c125c504d52362c507f,0.0
33,061aec6a5629bac2e9003c1b716a09127b313711,395.8510253467087
34,061eb45e0292790d19a0638e0bd4edb4dad2d319,404.9039155944808
35,06662d5b2e1290f7ee60a65ca4d0f90c3ddd9581,179.58576403586756
36,073c953adf860e87af6671245c3aba319b72e225,771.9509036284851
37,07bf5f8d6cfdbe80de149203c913ffd26de27de9,300.7272290918928
38,07f0a4be81a4415806197d0a1b0339917fa0ae01,221.49700768688695
39,07fdf16fffcf71dcb7fb848addba74df1ee36048,205.07275193125344
40,083d603cf3249f2f57c04b16db50218beba3c152,0.0
41,08c5771a634d6ce1269b5e03de7c96ef0a856558,316.33965747932257
42,099f3caaed41f6345911adda9cbfae974cbdb9a9,0.0
43,09bcad48d0185d5c1cd04957300dc4f876111017,428.2864351223185
44,09c4fd07f6de14adc4edeed0aacd4b55f3bbad50,293.5513436880196
45,09e6f8d367dd945ef1b220557afde3b68449e875,0.0
46,0a7f2f087c76f9bd4768f7ecc4ee64ca76cc0a33,11.967052419064146
47,0abb23bdfb74476798d7b896eca26baedc33a553,62.75378762866234
48,0ad2e5cf1e052b219e6b8b806a56a9eb96cb29be,578.0588037898867
49,0b8026eede08f8cfede660d778e8bb153749973d,115.47525373125247
50,0c51c48964727db5e319dc9e422da3e548ce0bc3,406.56015108759834
51,0c55d44ed69e8e022327a2e878343216c0b246c4,397.5578022429369
52,0ca329fc49d750ff089b64c0dcb78465bba6ca5e,165.6790354924375
53,0cdc8c492978d2ef0285cdf8f5236684314a12cd,519.3261780117653
54,0d1f9704bf611041f42aa3454af0cc19cd8d1360,0.0
55,0d619601296acb6143a07906c000237abdf740a0,98.24888123154565
56,0dd87d3394b8e4828b192487a4d747744bc39cf4,413.23329264161407
57,0dfad3e2465c27c7a01b172df43e96a9343bc877,81.80605982791221
58,0e1f6b71ce8a01aec4626928a428d124604da764,332.5591525357469
59,0e86bc7879803f7bcc6f16386e6f64c578a22199,124.59819959714402
60,0f423ceb0b439bee8578392faa44aea4bad7dc97,107.53475762695093
61,0f46bb1ed363d593af42cfddbe027922aff10780,418.62751184620197
62,0f69eb701a55b4137c4f9912a16bf5e8e4ed6dc6,143.7814363485944
63,0fa22d499a0f8fcd14dd29eefc42c0c1baf25ef5,194.84781589220285
64,0faf14063418974e05d27176729d62e76f8e3cd6,43.21438651403929
65,10a4db5c6bf3b4f13c48ad7b40019d5b072331ff,237.741572015815
66,116ef4a0acb2548f70160ff681055e4a75b6e73a,7.851306539280728
67,1197ad8826628a3b6a30dce1a669fec173342b7b,15.612131159048829
68,11d5f4e38d7491e880c99a6717db9f0fb3d03495,0.0
69,120fba62e2804d7697e21b532789bf87100f7aaf,180.8553368117893
70,121048ecdf300d2ec18b79f9632d2e0e4ecb925e,258.9872501558079
71,1283c202465a158258273e47609c0946ab2380b3,424.00591618999186
72,138e48696b6f3962de58a823300534156cde7ed2,0.0
73,13a359b8104dd860f6ef78ad52a2bf0a1fedf75c,137.46754823208704
74,13bb8133c4107b2c2591346794e1ba951f925fcd,178.8613396360941
75,13f1ea44ff2b7094942812a905745c719e209b0b,226.84830443580256
76,14af6a8eb666d7c9681caa8ed62c48b91baf7418,73.32729287725465
77,1500346001a2e1cfe45d8e51dd60c4c17e77dcfe,394.38178527283605
78,151f1a0a4d4509711c02ef31320fa25afb343d0f,96.4920035124041
79,153b10980f9eca97fe1b1246e7b424449c1aae67,196.49884108140563
80,1555357c4809b66ac35fa0096f378680a822b65e,126.3839386217843
81,15a59c43bf3d2bd1cb20844d4c98db0c0d34f14c,0.0
82,16dee00b31277a71f2d452a51980b157b9bb084b,210.830838422335
83,17cbce1de7a9d4e31952e86ba69ced3fa5f1c28c,88.83099960357441
84,17d8413358cc5a88ae5adc6dd71f352d2d5b0f3b,302.9267535374658
85,18396fcf5f98aac97ec6127f7924868d3ef7bd9e,656.8934511710237
86,183c175964b224bf2c8168b04c2a313adb7f089c,185.19788135427052
87,1840dc0b0ec72496c4a26e81eb131e1d117a3b3e,389.28004570911503
88,1846d3ee1ac661616b677348a8a7a7aa7639b5e8,312.6848039899228
89,18960e9d1150e1dd3d49d3f3751e845032330579,0.0
90,18c74a28b8a5783fa44148b2a8e2eca079e97f80,244.05379048511918
91,18c836a2aa6ac974abb7ae88b69d463f6ae44fca,373.3005166292671
92,19002d0d7703ce99a390e39c57d62401ef57cec6,0.0
93,193490e2a59b813602a40b72510dfc4da0f67743,335.86084470386027
94,19a9cdf36a658385d6e860ca2237745d7b20e25e,431.59582203215996
95,19f683ce76088d78377da48963e1c90cbac9ffaa,229.57365141518463
96,1a235d57e26b0ed8dfee64621fb6775bca2a7eda,291.8617946120564
97,1a35380236861a3e9242fc1790692a52ca977c92,365.4393890319641
98,1aa27eb48b3712864f321e6a59da95bc82a429eb,0.0
99,1aa97033b20b51d4e32c2c8fcdbad5007a17f112,125.58720243462423
100,1ac380f5904db3c931f8d162d72133cf7c552811,18.3999395706889
101,1aec22a2dc737a6a12dce27f5d88561807a87e37,30.978406467127513
102,1b54a2e894a34ca35ca4a39fe9da17087c7d42ed,147.96113621414455
103,1bae958c3003100a62896444235627a7ab5a75e2,483.522408044157
104,1bccfee3279aff69154310cc2fa053d20612ff26,19.648022161259547
105,1c3af27dc3d3052f28798b634f1d0c21c5a5b909,294.3283670495776
106,1c7a84d78ccd820a7c66423c99c907fdd2401e8f,45.82347648902143
107,1cb63469405979b64ac3081a6d36eca4bf16160e,226.88512695955612
108,1ccfa4a1ec1b4a6fca216a1e270f6183505fe38c,73.1120120462358
109,1ce31d2c34c99066c4e1f9f1b1628adc562487fe,112.5781941733992
110,1ce9089e3c8a0d946a32111da07ce0e20a43bf64,154.79739133215952
111,1ceead9f26f4ecdc74ef8e8e5adce55797d2d824,178.49752793613993
112,1d3d89fdc9b6fdf610be289823dd2fdddcb44a71,246.6048903643016
113,1d7f1767d410007c6942c7638aef78d438fe016c,0.0
114,1dd31de7652afb24c31beda9faaa8847549d9102,146.4255508636139
115,1dd81477d26cc96cf04cbe21ee082afdfb452b47,226.98069682451674
116,1e49befabb1b2212685a7138e696cab3c6fcec68,114.10608356015857
117,1eb669cced8461ecdf53da0ff3eb4bcb04ae1a3f,176.95187869590092
118,1ebae1b84a40ad0df0cee1c8d59b9b8fe31dac37,389.1787652801196
119,1f9beabdc0eae8b4a3944dbbb831ab67df7e70f4,0.0
120,1ff4dd49bd3453db6bf302add09243dac7c06525,240.37435920270278
121,209657ed5b928d363055f7c8edf1b64b804e996d,169.05377088981496
122,2096d792c5e737f270907b3d5d8d5f5434483638,83.40197533491167
123,20c0d7fd0fb4221c2aeb59118b16753e1f723b09,0.0
124,20ff3f0cc9865685168d1566e1cc579565516e49,45.681821133911654
125,2118e015319a79ccd323497bfc0eb78439491367,271.42334000520316
126,211afb16159815485e4edaf53f202f30d68d217b,269.8725488333926
127,216e03600af9acd2e1f85303beb31366bdd05c4f,212.07707030409728
128,21748318a6fcdeed91ff8816b7a20df71a2d30e9,0.0
129,22cc2eb3ece81074e6dbd5efe2dbd5d10afb5840,117.28690831154593
130,2339f3d736742f4e417e256852ac6237cd65b019,55.676848950160064
131,238fe9ce798e7a9cae523d2506857333ac10f7bb,447.1704621029743
132,23e9038fdcd6b8d0cb4b981d832584085629cddb,215.3768011192992
133,2460f7c6d698b7e9b6a16cb19e108f44f2cd427b,0.0
134,248b2b26afbae8c89442dbc6f7ca0244d69d2651,206.8578543426246
135,24fa12505cdc29d6c15f5e6c08e00f1c42e4373f,390.9967477691382
136,24fec3a6368277cd9893a8149e18735d34bc8e28,19.483588027320337
137,252261d8a50cbdec92f59e33a2fa709dff5ccb32,549.1731539281095
138,25561edff0b8cb2a606946dbd30d011b1edcd4ff,180.19034207394685
139,25851f7a9d8bb946bfeb6764ec9df5d16156116e,9.833990414772387
140,2592df55723601efd9d98374e329ce7402b3de99,91.47427558662423
141,25d492f82219a3acdde6d8b08201ba02ba3ff3a6,255.1246890123383
142,25e2a10bf1f394c04a250d6a7286e0430de6eb17,168.3166889718933
143,260a8ceb479a09517387126e80d28417812dd933,192.10060056158238
144,2622dac5f67183f0c4a5b57e73549123f201cd74,76.31231822849742
145,26b016cf8e8536053cd109aa8e1502db6d46478f,66.91218214607443
146,26ccf96ef1de6d8676bf3267651ecfeae0fb9493,278.426335650767
147,27649f3623a0bd504a07741df2773cc253ce7c61,236.5329380426193
148,27c8e4ac9a23ab952471008a05419b6998edeb3e,84.95835890325813
149,27e2885fafb017fda73618ee98c34114ba0f12ac,36.799504919626145
150,2923b2767d40064620b34fd192dd7af293143844,110.96934539053711
151,29df9634e71f12ec4754b370e647db4bdfedd12b,546.2957146913882
152,2aed313649b643ed7472d3288d52df873c27722f,242.21880172025692
153,2b8fb4c53c71dae6d2e2a528bd24a875942f0553,349.1088954421475
154,2c233d7b7a033a9e9fda9f3b7ed8fc5e3ea42b64,67.22567708211682
155,2cfe0e74d121786e16b71dee10c362c40c23c337,305.00592553225465
156,2d2f3ff492dab091a66dacfc0d50b463f59ed7fe,124.07350122450491
157,2d5dea952171a05e9b9f20a9fb02c97a1155e6b0,273.5628628176827
158,2d7a24e3c952e59b1e215ea9963fa645df14ba41,237.76181489745238
159,2dc4d0bb674f68789281dab8a4b3a0148cea088f,110.10842654091645
160,2dd6abc1ed2c2ed1b7ed35bb26e9574991c0aa23,191.91532907123468
161,2e3d0cdbf076419e129b10118dec8cb76469c6a2,4.697762964154492
162,2e3dc0bf128a65e52129efa0d4c557da30182837,174.57366194124646
163,2e466f26bec347f364a85f73269afde6258b02ba,178.8918691610314
164,2e5e1e91b44362429d7a86cfc8427a67aeeb39ea,55.9229528234886
165,2eb51c2ed0a7a9c7e4c8bd01bab20e9bd2fdbf06,528.8771484483699
166,2f4d15f54d90d74da63a1cb72e6dcad1ce2e01fa,295.63856267666245
167,2f7fd76e945aaedd0d86916e6e0aa0396954cd82,597.4035268849053
168,2f92e102307d680e24f2a5fb63dff8b7ecde998b,50.17812624935158
169,2fb16aa71c808667f5df7df8817b2578b60420a4,416.516063975674
170,3009ab35873ae4b9a5a1022926464083423c02a5,520.940741455775
171,305643a27df5d23925c66d8904499a5d32d40761,5.9622791273604605
172,305b67fad711a094722b604fb6edbc5c1f4a13e7,321.84142416661655
173,3103eeddc91e18c223c7ef4d3c12f29cd6e5bdd8,172.22676840497635
174,31124d5ebc4f33645d00953e45c18e4dbf79294f,559.4638861206868
175,31204399ff9843bb19cb9750c36260dacd0ad3e3,471.8117123466035
176,3142966391d5752fe8f2c279e019bf208dcf9301,73.54331191168762
177,3148a404a27ec23716603b174b57c1607842c314,142.71154848365876
178,32e156a46073e01cc070b292a84003e40760c009,186.3696640710756
179,337ceb78dd62b5bce81b7b7f34439574484da2ef,427.8428595365971
180,33b6034adb1b887ec34812aff00773075121de26,116.74135671293178
181,34eb3b4b6ae25355fbcf8cc216ae7bd42cdf268b,169.61958017899366
182,35356970180d7c585b23f342d80e3231418a86ce,458.2773641267037
183,353dd0a803b3ecbe1771f4531f67d28ef10e8604,562.1311717168476
184,355c86965a10a2e036f29b00eac8dc7ab0637c15,481.30631458652175
185,356907afc7d8f8f995d40a6cce9e494dc34ecfd4,250.7128393271764
186,35770324d53532364530105a6c2bba19a04258c2,0.0
187,35941e56cf0ad1cf4d0ad279953b6f73b523f8cb,433.71882060938674
188,35977534b4c84824da88911ef0d1bfb5a4cd371a,98.4574987211773
189,35e22d85a8a64b75bd6dc3b819c33e5064b1be93,37.60596233911912
190,35ee4c2805e987e2c9712bd33781066faad19d7a,4.290263065504405
191,36672e213820a74ed38341444004479e5a0d5443,156.1156379694663
192,3791ba74aa33cea6ebb3f70277d0c6089188d87b,694.4225294136816
193,37ab844291002536a60b6aa57cbbed2c7f132b2e,133.5077054028407
194,37bfaeb9268f9389dfa6157b48b8c7b1a3e2b170,528.4724046895226
195,38168aebb9d2669dcdeba3a8559e3bc5801c6fc3,251.18091052160617
196,383e94bde2444fafd3a346803843c1f1319e5149,636.8520076126445
197,38baed314b29d36496058f04abb8f92c375ce168,210.36589797885102
198,3a4a2059eda2a9c1518d5404384519ea6343991f,119.77287567338084
199,3ae876324a3432f10debb6edc8a6a24f232fe021,468.4035591639662
200,3af578969b000c1ef55ed93f42083992574e13b8,54.7494316608707
201,3af6bd02e5b64be84236cf5a8f25950a26a2848d,224.28624673356336
202,3b8a3d1f027410d3ff7ec543ed891d29e66af4ab,155.48476143723911
203,3b954f244f113c33edfbf5b8116bcfc18fdbff71,227.87701738010642
204,3b9cbc04f64cee6ba563104542e161c9a555bb4d,0.0
205,3bcd91bdf3c41a284bc3690c01c3f23467f1742e,130.42152328172034
206,3be1745fd89859fee2e422cf05bb127a68f5cf00,116.89495953822338
207,3be2036301de316fb26e54cffdaab0830655d604,301.54528248422207
208,3c01695411a497a242775221f2ff4e2234f18fbe,55.18045366528415
209,3c53b39799671cd9fc7b7637b6b90d025be6b324,159.65169899794768
210,3cdfba46718f763c6a8838a9ef9856759b25841f,416.1217410845622
211,3d7e673996ded2adc951734ee10ace3c481520f9,220.91979142929824
212,3dbf066d8094371bb8a526229ed249e72c444e57,56.83948853798208
213,3dcd5ed07a3850c11605988071a327a5685938a2,211.36266377872974
214,3dd84f5d3a88f824b5a023b724a5585fbf32ba9c,651.173951453433
215,3e6082d480ae9950bd8ebf14ae19970b3e8d32d5,80.02799651576788
216,3faa4e4fae31dccec5c3d3d612a6d16b19e44ff8,376.6593209567476
217,3fbcc798622c02b8961bcf6881d1cbf566ba39e4,142.56893397425534
218,401e7703c0eb224fb61797e3bdfca6b4b93c455d,368.05172533909695
219,40269fcece49d72af6daae840d0eb451158a1339,49.07100026430183
220,4067352dd7de59eec33385ed2ad228ab65f2f6f9,0.0
221,40a522d51351c9d684b2ce31c3b594204f79ea8f,262.6364394057678
222,40ce1407844fec80db50e9655df1497481a5a010,0.0
223,40ee59b20c81451d7a781f62a7b7e38e5e92de4e,100.50659666271955
224,414d21ef2332a57d42fc40c9aff480652823df54,114.51766935357114
225,42baade93e7827481581ac72a2bf685095bbbb75,160.5951173947077
226,433033275abc78034d1bef3dd7b4e42a05962ee4,143.62866702686784
227,435f6167de485e517d74029d9cdae4a2049ad97e,622.5340152843131
228,436e222f0e3205837a6a232f9810fae9d2bc1d0a,199.4737313210944
229,4380853322f8572ba35d3a2e8b25f82006112ab4,302.0057396992928
230,43cb873d92f0918ee5fe6cb1e6be8a4f48a2090c,35.45483637781837
231,43e789a2c98c9229310d406b78f236ea838d0ae6,256.3300637586263
232,4422d2361b7cf28417a13aee66cf91d6f0a4a87a,107.81325726867541
233,442fb3a041b8964ed540db3d3dae42bb53126abf,35.162671280217154
234,4465c3d96e03493e5f721991f34e897f7987d8c9,441.97082738702386
235,44ac241e108c9a628e188296ed1f3e8afbd9e646,181.90960550884301
236,44c1dffcd76a15940792eabc7c209007b1fec2a5,70.91548186533427
237,455f6ab20848e6ed09fe6c7bcd40e7ab8317df4f,18.58654886931211
238,45cd5ba215dafce9685a08b0864405b66d9c03dc,517.0531481060801
239,45d36ea42f77f2310144ec094c7914759b5e108e,285.7360277794171
240,4600b4d76c203bfa61c16bee1e87c56efe09e7e7,79.39394069667571
241,4624f24cd9ff75f49ed23c84b4f855ff2beb2ba2,173.17419142523158
242,46571913dbc31676e98be5ad4db1f9d974f040a6,643.6039403380266
243,465d7544b40a77026e92ce7fee2414f25e4ae460,355.4635787375724
244,46c7ce33e78264b2373438ed1f49a64c12d4e273,266.433869235242
245,46e79222ddfd0958b195bc3b910111bb08732634,32.58136075666536
246,473cc5ed31814e6679b13ccdcb951d9c70263796,152.25081089885077
247,47925ed3ac1dcdf4296aa94be4d94fe5817627cb,150.90122035618492
248,479eaae354ab83ded17b747a85effd4a14b7886f,0.0
249,47a816f9460d1e5742d9b2e7aa73e35466ab714f,120.89334240573648
250,47b3a243dc544ea84da40d689f5def544af91b45,121.93251965752489
251,47e562a5f459792148f788b00b877f40db8db62f,0.0
252,4803634608bc30a04f9af8996949a77d882c4b9f,193.25198725303446
253,4804ee29af4c590b2c8a80c9a532168c87953ebe,77.1190119831669
254,481cecc9462bc94788976620a9b3a00b105a19e3,17.317310288502483
255,48d883c25f0433e83a4f1e6c3b075f0a6fb1ea20,71.58667217641036
256,498c36f21c2027fb1b011e37d66c4e9715c1a813,82.63780516056994
257,499957d5f33b2c242ef6be80321520beefdb6c12,87.84968689468619
258,49c4176049e183373877ff84dd945190cc4fabae,264.793433124053
259,4a892f26b3a0d3f4360d7ea865e8f7ff2c48c0c8,97.69863428105333
260,4aee9fdae0b2902c401daf9b33bb9199c68afc60,191.15208345686403
261,4b180cf315532f6245d8bb08038a36261a6d5885,338.37139861574946
262,4b28c0a343bdcb5f79b9ae6c014273f665723a34,370.3249509416039
263,4b741cd08d43d5689304eb372773dd4783667db6,64.39576809265583
264,4b82ba84000fd3581d67a3e37c411a97f53afc32,116.92998049569819
265,4d6127941ac5ecd5c14f8f666dad7d62723ddfe4,650.5540928264252
266,4db40d43d3837e7374794f2b575170a649ccd79d,46.51733943179647
267,4e526f46cb16f0f62612ed17c88433d1c9b0b1c2,323.8468531895619
268,4e5fb2c29850b50ffaa5ff7ade7780e43a916007,185.43954502606834
269,4e6cb8bd44c5da6b7da0b950586a12b2d789d063,40.36600204544837
270,4e93224fdadea827bd06c9bc727dfe85eb2e9236,65.3897307998202
271,4f6c643961e8df8f6d76d136b13ba2674b158140,89.92588324696911
272,4f7603e640bcb514becb8be97bf4e5e118ab7e4b,0.0
273,5038a2ee954c9921b38840df1fbbc26813ecd822,333.3115661782243
274,508fdc457b08886c9e7fc71c366a785a26a70fc2,148.8550404240224
275,50e99f6d711f91de991d3083da5e92d455604eee,172.12077053489537
276,514eeb6e6c17085fc1adabf03f1adca32318411f,676.8648156288916
277,517c83ac8f1549d395c3ba12562cfdc4f0db688b,248.36478966295238
278,522732ffbe0234d4237e4d269207edd5bf0ee5bd,251.36890723282383
279,523ecd5a15ce05328b032e40c14e996ef9f1fcd2,499.77026286086107
280,5277b4ad5baafe5488b4bcd502687944338da33d,37.13297433871452
281,52c150d7af7e27df20e41d50e3b360a82b9d9d7f,221.42328827811426
282,53030702dafbc98380b87618a6786a1c0278912c,409.95865003661004
283,5314328802e77854752ce9453dd960ae04a9b24a,28.968865883001484
284,5380254a90e93dae0e3671bab6fbc60933b14b7a,289.0387569212844
285,53a6f179986e50fc6b1a20a75a94ba892239de43,442.2163046669692
286,53dfe414229803162d14787d30fbf47a1b5e46ea,297.7122882061665
287,53f612654070afa1d502872e2ec241d8937f8b6d,111.49492893683227
288,544e5e62db86f823641ee89d0da5ea50291641a1,122.79112483137716
289,550f85b6d95890392ee22d2d9e9b75d876cecf86,576.8381666750813
290,55aecc6628fcfb6fc7afb0c8d5c2c135e66058b1,392.54219738229824
291,55bd3201fa7465188c2c70169f2e9407efe89cba,522.1328401089133
292,55f8e48fc1d6c7745a218b6a2ae99152c2fc57bb,78.17736706715533
293,56225eced6bbfd6d8d4dfe657d9afd19cbeead77,111.51113991777552
294,562fbcf95658bc195be53014687b78bf1b2c8c01,102.08178590328004
295,5695f0a3a684e4339cbfd6756eb24afe5df4ce12,555.8606963920658
296,56a848a24f3596acc04a37fc1fe6031c115f9e39,356.3708170127708
297,56abc4cae41e0b8b3f8d17741ccf46d912c22d7f,0.0
298,5723b8ea1f97a07a6afb874195c38c70005e989b,504.4309166282175
299,576d0a1a0612c27c99ac48d045a7b142c612def8,139.94303125198587
300,582621ee977358425c653bf118ddddd18b77242f,347.26524808972806
301,58a09d2fd50dcb07e52d71bf16a2169077f52f4b,247.3612540574419
302,58b9fee780d57f9991464d4c9e1b9b9d5f5bb791,513.9202324054861
303,58bd390684a1b46fc0f2df6e75a8c563593e307e,556.0416586884483
304,59325b5a99a00fe5e8007788406d758c34051e9f,212.31773204305472
305,594704286b77475da0b058d49ee66a3f48eeee3b,112.41694507722745
306,5964f4be184862b8222f9aa44189b0da1c36e024,342.97027601698954
307,59767d7298f6056b2f507e15f61d0a7b36250727,155.22438064108644
308,59e1bd0a1e1f7b7c1ef501721434b82efdcbfcfe,146.97154824201115
309,5a3e52aaa72d33484ffed076c098db72e7b89b43,366.1680814453106
310,5a5c1936f375e3396bf28dc69d3a89efcef1c75e,103.04781483040058
311,5ac04b94d1ab468896ca39b60812ca69ab19cc94,113.3994575163592
312,5b1ac9a19d0b1dbc0ab174aeb665fc68f4a7012d,214.29538108166503
313,5b58c9f7d85915d8168e94faa680e188e085e270,272.80494609636827
314,5b6b35fcf313a1e12256b4632795a01cd832bd2c,587.5706929037508
315,5c473a89276efe87cf2f62aa3b211f7253c11ee6,158.42114323153078
316,5c510f4d67fc4cb4eceed1dff895cdcda5e74d4e,258.5363942921139
317,5cc6c32171332ff0d9e394ee52679548afd7c65a,58.7861680440393
318,5cd88c0b1bc0727f0185bd2c7b5ed74fb3eeb826,81.76074558628807
319,5d1b39281ac7885c9f005b80d3844c50294b6995,70.32685534789667
320,5d2e13d8d4d49d2c4fc5659325decd8161066663,374.8432759401771
321,5d7f81cbee45d8cfca23e7c372cbe0d94c5fd4e7,450.49309149432406
322,5de8e24983b39b9530fc06544c88f45c15574596,135.81345672142058
323,5e2471543554c6e6c724baab37d616f6d11d57e9,344.1375152350893
324,5e9f857251ac40d9d56b2c4d50071c6670739a68,145.06159832529642
325,5eb57ef29a7d2551535638fdbdf7cab4d5919b3c,551.5235572235915
326,5f4de44606c93f7d27570c7867fd0593c779230d,153.04835591604308
327,5f745e71f935fbba858a1ca04749e6b00f9b4c84,207.13660335729398
328,60308e9289e878691298865736811bd8d58c78fa,274.2801069525216
329,605b2ec4efc3dfcc28ceef454bf76c5d7a33bfd9,364.6763596620334
330,60d2bfeff46813f4c3274c522d417b776aef453d,124.4144202633431
331,60fb4ab79acaaef541b65e59e7e4a68c1066ec1c,121.60077949578874
332,612acb850adeba8fa12e2e4dbedfba6ad99fb19f,312.36527629408226
333,61aba2e07f09ebd0e728f4c24c33e512d1ff1452,374.1760796207332
334,620102f6e32279819bfe182f606212019f24cd79,64.57321777775681
335,626a2b1275b2b44ff9d7e4713fa11c7379d03f60,605.7979617981842
336,628e8b7f927b81f5bd457e46b402ba1d3c3e188b,0.0
337,62a2486a848779c531c907ef6a6214e7fc0f7dbd,10.129139511288116
338,62f6b5a378b3942033895e0bf88ee72a566794b7,503.56496336934254
339,6362c15e784c4a3ddc1f284873cb6c3d67237349,206.59446335521523
340,637aa60cb3c5b707c57db84190273c2359f36bb7,547.269498682932
341,638fe76b18bac2774f3650b9516324f014c4ca4c,277.3856095541548
342,63e643214fd5235430aac8531d5ff8efdd7ec28b,353.2851155072018
343,64893d74bbfe9801198bca87c19e4c084b3e7fcb,523.9435969411944
344,64c2d02e906f038c0ee50863791b87580d648ea4,44.15292890625159
345,652ca0a4a48cf5f872ad38b84e1858627512e735,2.530169897859679
346,65650865231fe4b5109842633b6b3889d78251b5,653.6514768625634
347,65e09ff2b114c59c2432364ebe0985de430034b7,264.97822880893887
348,6687f3c21a171b932039f51cb14f1a7306a4b6a3,131.8082070336451
349,66adb85a5fec8deec938ceeb9c2b8421614e2ba0,0.0
350,674d8bf718327b8290f85890e3db039ea758349c,474.2386680296776
351,67594f978c407d20d7869d35fd2b2bc172b958ab,250.1394206532992
352,6772422e813047d9619db583793aed488a8785d5,136.30043209893918
353,678119a88d780a54011377d88f13bd971893847d,0.0
354,67b4dd811b60988c269a492a5ea3927036c30741,41.12003953453868
355,685fd3abb9482835092f6c5686d3e7e40878332d,0.0
356,68905fe6a5ad781722cb9592664b7bd3b308a35d,221.36799360547266
357,689afceb81123da993f8d83570d98530e41c8728,27.331355725409765
358,689bb96d159e80f60e3c25362f9837cdd92d2b67,0.0
359,68fb9ccde2c795925db20c54808ce39ea29f9580,452.4936014177919
360,691879748d5b77908900022e7cf1736ee048958e,460.5706586505803
361,69f55165cf8e822a43ce69144542abe72fe88fe9,47.05457891112519
362,6a0420ee02bddbde1f320ef2a25086c57c097ecd,17.55127414749353
363,6a55ade739b29c01ae413f274bfb7d97d36247a0,312.3980863149688
364,6a6c94ae4a02d74c296899148cc71d576ad5390a,255.0703587075002
365,6abe653fe11a79a725382f995ad6d20da6afa47d,8.209946470907425
366,6abee2a8b911338bf511e5f16c4a187cff8ab85e,475.3081759983617
367,6af4fd2b0e2411b744d0587be50052a125628dc3,250.97924599141137
368,6bb1b0754829982c54484e4d2772d2616871b8ff,681.9000786956639
369,6bb6fa4d4664b36a3fa082b63201434d46e09da3,13.403413232822771
370,6ca9cb26b733531c9d51fc82567ecfacda4bf9d9,105.04394129883637
371,6d0a27712f982838ea4e2763d486818853630edd,659.5817692567626
372,6dbba4981725d29542654da40a0a420a06b16944,79.77353298601389
373,6dd18dfee0b58ade4f67f1e5f111c57f60599dff,151.58570908265068
374,6e0e372e926b3589ef8fe67ee955ef197b262075,494.08100782867433
375,6e21c8648f192b0f917c29147c8105e1f85021a0,0.0
376,6ecf93cbd6a717025171e02346dde11e6acba793,17.017366392385526
377,6eeab0ba2727d817ac0775cc708ec86d78124c05,194.05155704334695
378,6f137dc6476b3dcd40fb2ad6fa57aad5e75661b4,94.2945167479381
379,6f664a1df28f7e1fccaf73beb75adfe6937f422a,148.2983259392738
380,6fce7e6aaecd43623d1e0e8b508478799a20b105,178.044868484595
381,6ff6915667d4e14b8b1129e499ce91ecded4df44,185.87904251184744
382,705bd2962c69a2d18c196329eb7167125e3c1e06,390.5306964533769
383,705f321caaab88497d60fb13118fa066f73650a6,85.78347062309442
384,70e1d92abb87036fac1fc12cdb769d2df0938529,368.1522169699115
385,714ffc00a69373619fceb2807b39c16cb3e7a917,333.42615474359485
386,725357e7f2e42cfc4f08591df5caa9bcf5ff6280,157.94855831341076
387,72652f1b57a59f4a8e278cf070cca49ccdfce670,258.70788083471894
388,726e3476c9a02b551c4633f987e580e4d68eba5b,0.0
389,726f300105ad69d160d0835fbbaaa4dabd7d7d39,389.5229414604488
390,72eff2388181d1ad10baed69adc7fceaecd485e6,429.072697154142
391,730c8c933b8f6f4425534e371b15723d0f756ef4,3.479859767986227
392,7342c287be8b3735d2c7dc1688a60447dea969d1,199.0679519956103
393,73954cf0580c676cbbd2426384d69bce4d997458,53.99596131955883
394,73b4d0c624c772c7969d5df019766bb774bf4f9b,517.3559349281848
395,73be4f76c2bec88740f90212ac33d9ca13899275,276.61579753221133
396,74048c5d54f8e79cfee1ca9803658cfdf3bd4755,217.65214899078038
397,7444ae27fad0087ccfa349699a76e5c4b105de5e,56.832647914383415
398,7451bb61548adc7de276059b5a577fb05329b931,282.5068896661501
399,74fbd2c42d3848988ba22644a52c38a95f26283b,481.67070087948855
400,750c81e420c154073dac06495b619ec4974d4add,458.8907231761625
401,75174627fd934205ab7d1905d926b580814f9759,528.2187990500148
402,754394da3ef8364f3fd28f33a46f5c9b3dfa9e74,0.0
403,758f4f5d04979599254021276af78a2bd48ed76a,194.7636855993432
404,764d7954371a69487b47d4def80d80965f138f5a,0.0
405,7667f17f281e6cebf0bd315bbe45d0989286fdf0,317.6681830969213
406,7694076619c298b4556297b20afaf8eb50461cdf,461.13830173796816
407,7697cdad70aa01d9e4015b56f31a29246e651111,315.53016903732765
408,770df191534bf92872c781b504300adb0fb5c181,22.695221013982945
409,776addf45775078d8c8694a7bd333845153f5529,80.48190660341243
410,777050e2c47c0765d24b18c9952d79781c880701,203.31579470593783
411,7782c6f80f8c16a3fda7863722e9399e71fe96b1,279.4016949125559
412,778398d887fb7e79eaf4b535086a6b5daa070445,0.2699583372758525
413,7788ff0375c64348d36ae12869506ad498eefef4,431.52680492048773
414,77f57d6df721aac3eae5ac72bb381cf02486cbe0,313.6019451278182
415,780ed741283eb2ec297e0503fc5d4fcb2b56cf30,61.054548546138136
416,78576937fe7d731544ca5bd0f668e5f6b3dda9f3,0.0
417,786672c08d33f1282d91da2df59542edc3219d39,577.8721068246582
418,78854553f9b7cfd514c3d57624b3b122a269da35,307.7150622696189
419,7943ca67b1107c5e29a6d81db2c1d3eaab33b73a,51.42282770847683
420,79ae84f001d7d14f78615e97cb3785e112caae49,141.84661419628435
421,79c9f44ce7da2377e52e91b02e683e29b3417c56,0.0
422,7a0e9a6d8c15c2362a276c88e9f8ca7f02d608b3,386.6148432633729
423,7a41536ca370190d3d4d569d8b78369f63297956,120.25921549512557
424,7abce7d17f61be90699da13c705e4f89352a8dcf,9.174980504467356
425,7af48e1450f901283c9991039ba95e32a606c41f,65.45137007464365
426,7b00d5dda854778e8d3ba783d4918faddae32575,480.3758932706515
427,7bbad804f2bb6d1e1e13380c3cda7d595303f4df,143.4514413911153
428,7c3ed05a692adc3cb5a5766fed3b9e63b8c195d1,112.58980382395626
429,7c4a0dfedf9b0dd9d6b2dc4c349f597e4e03063c,145.55939118105377
430,7c4aac467b33e852bd7ced9f09a35d5a780a0fee,29.133985009550457
431,7c681762bb5e92ac8bf0a53eb9b41e3fd8c77ef9,122.55497991608567
432,7d762f5b852b8c348324aef302252294f2696d9d,113.87863395858109
433,7d999b3b292579a2f039e815ee6422eb53f3e221,140.9129608852383
434,7e2ea9a1e09ecedbb82fa041fa50fa6f9b1f2e88,445.3140171984022
435,7e717ca62155014bc93e32d418f96dda585e8bcd,21.34208695146853
436,7ea557c127e6a4df423fe65230e6eec83ad76cfa,242.71028008006687
437,7f42e3fd93af2d41d8f8479ef030a32dcea07a2e,69.19273786819366
438,7fc1649c77a577cbd7893f4e3ed89ff542d9e3c2,664.8172203746509
439,7fe97fbb484e94e5f2cc6de69848bc3f5c393922,486.14231383732096
440,805ae58281deba6d30ed460ec662adc6489bd7e0,390.5429052149336
441,806d60fa9695fda61e624eb0c6119eb0c1856ebd,313.6314943583881
442,807d11478d4d142059b9da549c160bb64f4a8917,204.4866963486259
443,80f3a94c7bf1ed6397017744dbb75ff931902e2d,454.36411806599483
444,80f734d807768cfbfb215d8f9ac5caf20991033a,412.2941448222432
445,81272c934b63edda7b2c6ca9f268f5a594ce5131,577.0916549423381
446,81bca117796907ff95667efc8673877ee01839af,266.0578815879634
447,81c84c1a4746858d5ad0667568ae5c78c90bdd18,122.36995789566761
448,8290ab2133e0724dfa4c029c8fccc4e082eeab6d,186.14899800400093
449,82bb4ebfb1effa9dc5e8d6a078bede9625842c73,0.0
450,834bafd5b6ea070a9db54c6e4ab5a3153488c22d,236.5323104090974
451,837484931d4d9194973ae70dbc31984c986adcdb,317.72349878266255
452,83b0284261e2bda954f2c6b2dc67c2a5e4f3c127,230.41871866563085
453,847d88b282780a11b682814f019fcc9e444db809,392.31266678152303
454,84efa1f1b49e61ebdeb8aa5034d4d4141b4b20aa,467.15258392701134
455,875be6a8f72ffd17b4c0eecc36f80c8abe19913d,515.8295840937868
456,875eeca87c6f80182a88c2a7b92c048b9e10b5e5,108.97542923378892
457,87758f0175a131b8836b7c378aad170e3c379671,292.30010709976546
458,8827b470bf94e8b5571254ef073b73c2408faa02,283.6500354855332
459,8834d134e135e1ea1915b5d3733e30232e3b9d09,402.97594145700396
460,886d88cfb015796450723c53c2d9d0ed7e757a36,450.72474345301634
461,88a241e142df6a547f9188eb81f5c2ea8f7adabb,22.446589474406835
462,88c3fb65b5920f24c35ab0e5af0e63dfee325694,304.8638954360807
463,88f801cfbb1b3eb6a4c2ad25f0e7455ed24ec0e4,137.24310819023736
464,8909a1d849c739edc440f927176f44f115d56215,243.3694142734511
465,893b400f9a9431d20a387e79c0e848f58bc4600a,114.78880887352013
466,8a9d3a81efbfa92d784cbbed0fa0da7160945dbc,188.38828616819694
467,8b56a85ee94ae8780f6ded359e6dfe292bacf2f3,560.2951209706839
468,8c1ce164c9c2f88827df8e1c1ac13dcb77721697,297.1820828505694
469,8c6225f4d65d2c7f53ac99f03ac9462b6ed219c2,121.26308852606655
470,8c73f6cd68b778eafe43675872c8fb1990a7505b,506.0932332434106
471,8c90f794369f465ee58444ff53b647da2dcc4d69,278.4461395878999
472,8cfe88c0f00c7ff66d1db6863c7758e1fcbeef95,133.59097362369707
473,8d2046fcc57abbb3c26c8f35be215bb61d0df58b,696.9983066006951
474,8d52463bd475d8e5e5858e95f058f473a3a875ba,15.029045670221791
475,8d5fa26e75d233f2a4a8179fd778281b12a94445,278.6020189320602
476,8d8e84cd258ba3184b3ffa45b5a15c2ba38bea51,276.2302824391985
477,8e279ef4dafa65d4db8b0d74ae3db9a34e513259,281.585525428764
478,8e7a2aaf51e0be60f020520d8fba28de7666a2ee,6.9759467201775465
479,8f207761a5d661092d192327d82b31fffb03520c,580.2977074398848
480,8f32367c24170f9bcb60d681e3b8b46c3d512a43,0.0
481,8fc15777ba7771d58f5b6315b8f94ebf01026c9d,262.6247113882147
482,8fcaf91f08e35e99da1f6a7c5608b7784b2d30b9,237.2382983472646
483,8fe5068677f925b38c5c2fd0db4d9d876a3eac57,551.9983471976811
484,9059a5a840a42c6451c38c4e4f175157c3776499,273.6128353038398
485,91ab8ec137cd8cbd6baf9ee89fc9aeb62ded3da7,534.5499787159192
486,91d6f8297a61343c126056e697a96916e24906b2,590.4133871467508
487,929edab2a8d29837776c3f50bea0d3f72d3a49cc,479.3725343261123
488,92d40aa16ee14bbb2fcec72a180779d0f4a3882a,521.6430641235928
489,92eb85330143dabdef25eb574579317b17f58c66,128.1836004668267
490,93123491a7701d0fef837ee5c438e5326285427e,271.2774038605495
491,9393c8b0d21719becbb43d4bd46ce8065d9376b5,0.0
492,93bdefe564da37d9e3673aa52efa1d597ef357c2,291.6027144787216
493,94022225059b4f47a16c740d3ca9dfab8f6796cf,18.310856980448193
494,94031e55e26ae3374eedd6291d8c2fb31b4db61f,340.6606730281228
495,942f426d540867cd8b15c9601bc5128908d8b6bc,60.60708170144855
496,946e08c0ab2e891f0ab09ae41565b4cad912cedc,21.07020261992818
497,949299bedcc324635a1b36cfe3a0576f2998dce8,269.7992589220812
498,95236b4fd750bc6b34a37f3d6a42a85248e61f38,0.0
499,9565cd503b046a419eae279ea75df9fe4bab5cfb,14.167311571993821
500,96174218b30a843dc7df8cc053890b96e83ca9b9,64.09533663100606
501,9670df799799c7b799a7004f69d85f626799256c,620.7828981545333
502,96b9f488580e1168ea73abcaf596b68f832837ac,0.0
503,96d173cc60387c102f2e79c0c3f995ec87114b33,686.9670640498564
504,975ee6226b2a5fd9aeea15763b119ce7e00a26df,379.9052828477567
505,97864bd4db7076b4cffb32c072171dbf26e54789,243.30015051748683
506,97a644a09672c8e47ec21218e79e175bd69513ed,0.0
507,97d4b328d1deaa01e03d9e002ca05b88c1f558fb,56.877021741426546
508,97f7a1f1d6c0a539b27cbaf98b258ac56f901a3d,184.45648870374518
509,985df9c14f0ad348023bdf03c566a09fce121e37,310.5540450863897
510,98bbd7845155dd969b1ea100f72d9acb2a6357bc,341.52518114464937
511,98d39da4660a2c21dcf5392b2ab6833a816a209c,173.05635860343756
512,9913abc66fc538f252a1e2fa25f2a4ed7281f71d,53.79873341158719
513,9953eb87ac2126d387cfc6fd55270701d98eb164,339.81845123731466
514,9a1f22fde2e9d6e42948fb6776e9dc807aa9e7ad,236.56431146840694
515,9a4d7507b0eeaa7442b0844be58ebafc3d3e38e8,15.077667286561024
516,9abf64a9b0f68285e596cfd52740aad7adc7107a,147.64801810103148
517,9b52235d7b694738421b6c2ed9271edb04553492,483.49764654390424
518,9b6cc35e0e92b9434e3b5034c9fa66b507cc6928,196.49744805450013
519,9b9fad3a6cc34d2070b2847bfb99a4de6cd99851,210.50885631325056
520,9bb7691c5af12edd8f71f3045ed9f0c79c2e8142,23.154846137681716
521,9c4413851a0f4ec032f2262e2734e464372d8661,241.86086823347313
522,9c74a38201f1e385bc65b58efdb550f413a1f9b1,100.66138896872283
523,9c9042a648cc4c291bb50e605647207ca6198e52,58.27615866674134
524,9c9403b1bb4663b2f8211ddc5ea1fbffdd12e2f4,282.5948368111702
525,9ce7d8a2abb80aa52ddbf3118d4a37b127b2c034,371.13483617829525
526,9d273c21e5938995493330a41bca1490d1216a28,297.45251074793225
527,9d2f2f6d4181ea6431e5501ed0ac8a88d97a3281,0.0
528,9dc0903fd6704325b19057c6733c91c5f88904ef,543.188370695113
529,9f0206bf0b19396411a36c413ed75a0a5d1d9abe,258.90770511793573
530,9f3083a9163c554b4819ad6a16aa66c05dcd23e3,213.49127973280957
531,9fa0ca822af3b3c13f5f8cd4357aefbbfad6a5c4,84.18010811691786
532,a005eb90265f5f1aab9e88a48ec4d05f1568afea,233.86392057374445
533,a01b77093fcc337dd6b0facb3ecaecaf60ff7c0c,57.55880355281337
534,a12dfc1f655a970791e299576b3149268d46992c,430.6929095439915
535,a1639e7871881ef53f45c5a8c8e5a4d42dc73347,316.87706590868476
536,a1da4de2954e5c911e9ff85b2361be2430721882,502.8829710165215
537,a2492466d4a5ab3f0b605db3ce867e966f605a0d,283.1434621038973
538,a262ec79e3b889c625f9afb5b5d29bd2cb43b737,33.63001793305881
539,a28d972a945f563770f28a9fddcd0bea048d761b,398.30526827673987
540,a33c78c2bb3985b85902bbf4e9293e9b4a1c145d,301.49984030880404
541,a362813a343a35045066d9f3b54337164f71bf24,85.44069456637553
542,a38914d08a6bce0ecbc6501e3ed2cd89ed34ef02,282.7965927231598
543,a3d16709d576cd417aa21db5fe63e79565dc0e67,65.47397111238203
544,a3ebad92341cbd9f898f20ef6c818ce1821913df,473.5464834336721
545,a3ef4621bad2179060c871a3bd87344f645d5bef,435.0966747877991
546,a4226052c7e0d04d4c9fdc737eada8c1d5d8e8ab,431.09335735146794
547,a45fbcb3331ccf78609bc7b102f4a9c4166c99cd,50.322788814340214
548,a4864a089093790ad08fbfae6330390834879633,0.0
549,a4a4a9af570f051b4f4c7dd85cd48badef16d7aa,3.9183607084783887
550,a4b506ad554bf35ae6d966f8997b30554e28e967,160.2204384325778
551,a540f5b1639f7c7d09108c6893fb30986b89c533,511.52264723802284
552,a564a07b0a14fac896fee84823537808e7c2b6f4,517.2754205428635
553,a5b5238dba0f5c6ff606427714695418db278a61,49.866507293638364
554,a60ee7a51235ffd74aad60511c621cd61a07dc65,486.06592942321805
555,a6550efd02c29f45ff7965866f098ec2b79c399e,181.63345634539445
556,a6cf9590f619b2a322fa44f5628ae81d9eac26b9,0.0
557,a6da60464d65325db2790e3249d7e40808b10134,63.48980303766234
558,a6f7d8d0bc6a651cf224abaed2235f269a69af99,378.140494830868
559,a7303f4e8da8737691fc5803f2fcc1fba73b1c5f,163.86129550472546
560,a772e9dc1c79afe8680f3d6ba2c5b611dcd8390d,293.80844817523626
561,a7ab335ba29a72bc194f77b694f23bd2eea9c4da,66.74555335088846
562,a7e1cd05aba0f2ec8bc68de48032f74ef595db5f,160.5542856763551
563,a8bb5bb25de0ae8cdcf2ead3b205f91e19453a23,369.23148405840425
564,a8bc5d972d9f4c0989ecec80cebd10d6d906b41e,257.10082321346675
565,a9575a219e177b56f4550f5f8fa4f0d9e4a63524,105.24011998367693
566,a9b53974ac34cd7c03133051645ef424e81c3073,599.5695791372134
567,a9e0f366a5368bbf1833182a1b7648e48f0e66eb,0.0
568,a9e535904018bbe69a8ec9efcee107ada25454eb,0.0
569,aa2b5cec4c93c8c109ddc28e11a196a39ab1caaf,198.98443966866265
570,aa8f48170af8888d0c34eb83f563f16cf540ea52,155.76647478114165
571,aabf3e39315d7cd1df39df4ac9bd3c8b3dbf863d,359.9671449826801
572,abce054072df748db18a5586a593db91f17ac772,0.0
573,ac6cd50fc5fcfe7d555d0399cea6b27655ecd48b,0.0
574,acb8fb88563f556896704e7c130bcc4f9119978e,383.6568449361515
575,ad47930a680553ceaf66aa09cd1f54eb49131534,189.61222683905308
576,ad9fffe6e5f822d9ee61fe0ee76bce420f15b799,346.51876800677866
577,adaf6b76ab504ed185c2d0571f6899784407a344,547.8503952925093
578,ae090ac7b421da3981f417983bf7cc75136411eb,558.7474366778774
579,ae4482e6eb66198561ebdd43c0912881ac682933,80.76042709399252
580,af2204da5514e67430e221c1d858a31cd0a6400e,578.0553018635501
581,af388e1e5464cee85e1c6c8233272cc68325aa15,96.38138196903981
582,afdd2d59d3b9ffcdbb589f38b24ccbc6ec4f5423,415.81266055011304
583,aff8a2d80cb6602e0e5006f882e703a163fc3c16,91.37605517698972
584,b032c7c0874f4bf88ac83799db6e22a3671a9548,98.92042618506738
585,b0c52bd50d2f39a827d327d14ec0ddcde23f2b3e,575.9405659369644
586,b0ca73a5ca175315fc896841cd462fb9b33a04d8,0.0
587,b135b247f1afd053b201fc7c434493408c5dcf69,268.8451828495016
588,b1498ed07732f6c10cc423e43f757dc0e914ddf7,107.98921521599148
589,b21a6051974e0e8db266dea699cd55ccaf6f91c6,0.0
590,b22db023ce05fb9ee759978c1bbf96289c0613a5,121.56981353613038
591,b2666f572da8aa3626c31b495ee97f7905a903d4,62.27686202715128
592,b2bc4643e75d271fedf8f25928173e359b9d10df,235.55811421369202
593,b2d0723e921422f2cf6e955a804873220f46f182,17.72348064171004
594,b33a86374eb5b230a1c81bc1dd0e92dc86c87cd2,106.36632861534459
595,b36de5460906bd9f68ad893c9e0c9011741b892f,37.22080149443036
596,b396ce142783977b1ecc074d2bfeaa779e299ece,166.06264833913542
597,b4246bd7233f08e749626eb0b7647d295f2e37b7,706.7645008253627
598,b449dbb7e104cc6f68d4096397b733bce74fe5c0,279.4761964935929
599,b457b98c999402bcaafcbc50238ebc5d85510b5f,160.0414480597268
600,b55ad857cb7cba7a2a30ce9162b84918cc9eaec2,314.6028517566908
601,b56dc9f71a1fdb5d34b826d29f39ceef950b2e64,115.01369489214599
602,b6053cab8b9347284f9e4d50946741e97c13bd29,143.73623863040382
603,b675e6a4582eeb4b59c434f8f5d8d0714b0b1abe,413.63919890521186
604,b6961328212704f571844134b57eb766396c2765,369.42005626615605
605,b6a6add81b3c0c558430e20f668a39790058918d,300.2688591299914
606,b7609fb0febcebfbb70a23fa2a2d57135c168036,400.86302539427334
607,b76250a480383127f8406788203703b8923ceb16,352.52936695213634
608,b7d69db25c114771689e75b02d1e5861b4a44564,538.704191656754
609,b7d7b9482bbf4aa2ab584f7ca51575e6587154c9,47.0413735101171
610,b7fbeb6e14a4fbade5bce6353b1ef65a3422e6dc,246.02531803481298
611,b82253f5145945f4206de3591d739a50146587be,194.00007861487035
612,b83415844d646f861f4f3839c05b0dd33d56b036,66.58646294775542
613,b8bcf8c84a2ef4f59364cc52dbc2076507b78a99,0.0
614,b8ef1de941498a52fd463411f09b22dfe580d92f,397.9081080919976
615,b96aacc9d189d612fdf6bb0a3a53913f9a58f999,412.1142051766503
616,b9d55cff57b492a19f70c8367d88048159198a06,526.1786957270127
617,b9e6784516b5651712b4f7a92335585d2a80aa0c,225.62796473407087
618,ba083a4eaa2ab6bce8f4f6ca0479607ac4156d08,404.12999322666315
619,ba3b4d054745187f4783166f76a451c18714cf96,160.32006829224267
620,ba5c23080e45b2899506f8a46d3c3359b9a3a2bb,0.0
621,ba7c40dbc1e901a38403ae23ce7fc3d6a72e67b0,0.0
622,baa3b17a346a64bd69409ed26f14711da996d4ae,451.89112265927304
623,bae2094f94250760f7a58d8c0c73612e6c87eb2e,15.09089461598461
624,bb4b4ea98775420ac9e6b12fa25d54b33af99a38,237.46092809030785
625,bb79aa7fbee42452c7dfaf26053fa2bd1f8e18c6,59.44278713694612
626,bbb949d31b22f9af2ddca2a9a26b505e2b256f52,264.8589125706914
627,bbc17beec3602b1f8612e38ac90344bcb8bb9545,214.30372203565446
628,bbc9bace67a4487851377d2319267cc03e8959ea,0.0
629,bbd2b8abf772b70d3b09f8e1ef274e6a1b6c8c3e,624.234099307379
630,bc3c71dc19d09389180e0fcbdc14205e7da08a90,570.1705575831011
631,bd2c50c1151f341a8a47a2095a4f7a2feef7904f,52.87448654654048
632,bd86d1c4cb2d50b06d092f026a17658c5bbbd3c1,128.20655449263944
633,bd91214dc7e4047aab8bcb670351d59cefef8c45,0.0
634,be32c20ce9e21f5ab9db7c85121408c350d45662,83.31826337820183
635,bf904b7c7b37961238f376325496c7fb67c275d8,609.6049748753646
636,bfc852b3c9cea4e2371dec5a991ea966565ed51d,57.206741574363264
637,bffd48dc3f7218901baf8e38f4c6f1a52191460e,134.963686026863
638,c008321df24d751dddfe7f58ba933bb426f4bbaf,247.28033682724245
639,c02ab582e08aaeca9d075eecd110b3ae914fbe25,374.01455597863946
640,c04bfbc3f42ec36472468471b3a7163f39671a33,439.0426473815603
641,c1021927e0d508182f9fc9975619d675837d76d3,0.0
642,c1333b9667f83d714ee700f0294730edb51d5469,171.25623375010326
643,c15acd7eb2cabec4fc9dfa9bb7f6cda1ebed7a57,226.44028037978478
644,c17f6680b24e0e7306ccc02beb858c91e9efc7b4,346.2694080665306
645,c1a687ca25c227e4ad472453df39aad813b8cd5b,209.66542264788353
646,c1c3e5b6f43ab1b1eccefeb8b6b2d22bc72758e4,179.86398443758583
647,c1efb8c56121f7c7dc9940f9ad3a76da3ba61072,472.99812026993936
648,c1efd3145c820257fae2347ff5675817cfb37bca,361.0890351226235
649,c1f10dfec44e7de9225883f9137cc2e65a90b7d1,205.843599760808
650,c23e0af9e155cd83c16c579ed90b6abc2c53f752,0.0
651,c25a0b00b9df0953ca57bb3e69735b0c01f61901,30.023738651895314
652,c290aaea51a46d908f0465c93f3f69ff1b56b419,8.212185590929437
653,c296dc19142d27a8a0d4a738256f7423945d04b6,0.0
654,c2cd66a2ac884e61d6afc5fa5cd8e271f1482cd2,340.19168090834773
655,c33798503f884f79588b045ca6b8d93aa26923d8,125.23477904795325
656,c36612f893a26b390538c1fe96f0f1655ea6afff,370.2879862420443
657,c3796f5a839deb113d14052599ae9112204bda69,272.97417000696544
658,c3a4ec04fc9ce6e0aad6137bbba6ae7553d5669e,22.493964687512317
659,c3b12c33078b6ce2f0c8287913cd6871b9ba9c9c,193.98535508051194
660,c4ab8f9643f3531288890b9b0e3e78b8e1a813d2,468.4486565937302
661,c4db34402ba417ae6cc0cf8eca1c05a59b5940bf,304.3591206559195
662,c516e5ea6651f63cdfdd803bc2cce3965c3c822d,29.36786790981273
663,c54dabda41371474f52e62bb6a476a19d82d77ae,57.99892874251387
664,c614f744d2863a2206be1f86eb32dfaef7c2363c,655.4297719068209
665,c6359e2df290a107d3fa06fb2fe59d07120578c4,0.0
666,c6d7343a4f988fc735239b344c06f1bd7b7a8b79,52.4862052263567
667,c6fe1559a92b885537ef0ed6824f27f076f5f078,162.14425789342792
668,c710046f7d22c1bb863a4733efacacdefa4d68ff,30.132577574094768
669,c753e71213c6654ba3af7967145b140b199011fd,149.680306819885
670,c7c83eaa9fe8da2f81c5fce172059af61448b3e7,331.29550448733806
671,c7d82e48d6506ad99ed9656182326ef9576a14cc,402.10292180209115
672,c7d8f7968457b20270b902a722e6228930883164,35.26100561302965
673,c832d7d563cf347292fe882889ced0eb1b788a80,0.0
674,c866568b7dc022d4d63f5303570a21014e50c96c,31.027183790652458
675,c88c4564d5b20479e25d266e9cd6342115a7596a,37.46262368756058
676,c8b2051c37bcdedbd991151187eaacf12f5bf702,6.056526651106537
677,c8d01b8601f139d0616d902f44f24cae25172c32,267.8899210343789
678,c8f1ff43c331519aab03daab36b84b55edbb3e58,48.142895370865745
679,c923587da95363dff1098612bddbfc4d25b6204d,21.2428612995883
680,c956a35dc203574f18ce58bc84bffb3e168da889,3.127163985880543
681,c9ce359e73fc58d171dff50208d0bd7bde1fef89,186.91140519087287
682,ca3ce020e1e92a3493a63391a245a2706d79eb71,0.0
683,ca99fd49b34125b73fcbf416c4c5f63199db91f5,0.0
684,cac781e6057a593d09d784ca4526fcbb96a62049,424.44449111519214
685,cb0945d75bacbce335c5bad0d0e838f5d9836752,457.7590805807488
686,cb1e547b7c66c37dbe3e9495bfd0eec9cae1ad9b,513.3049215048447
687,cb619f0f5f6b317a44988779b7e821830bd94389,306.33279296159407
688,cba3242b6afd61ecbd0fcfccb80ff7cbec739e04,247.88268754203915
689,ccbeebb83e2f368d70aca48df9d3cab30efa80cf,372.86530815752246
690,cce2e73813d2a86c6fd05274e7aa564b5a448f37,8.640676188216986
691,ccf59a5a3714de7f546cc6a2168044419ebc12a2,600.3370795917174
692,cd008120919654d8408cbea3cf6b8908bf57dd02,143.82045714914705
693,cd07d797aefc9992087f10f1c6ff48b13bf4450f,576.202046216192
694,cd3171c51a380856b0f39077b530e4b9525f38bb,255.95080068634374
695,cd8cf54b5294970b1449c81e79e877ac218128f1,376.4570253639605
696,cdbe923458653286958dc31c6749197bd4cf6eac,354.92865963979204
697,ce1fd92debc42d1cb9a81753f75e6ce9263f881f,0.0
698,ce5e4142cf38bfe644f7b5ccc309033273cfe961,117.90180386063703
699,ce84270fb6bb736bce0484bce9504e9b9cc5cae6,0.0
700,ce8deef1e0fcf6291e046d6dd52da74fa6678fed,115.22098225007151
701,cedaf8a15be110a48231ef74029a00c8af142a29,15.478256166244762
702,ceeeda3bde736c0c656b03be05b4583f1daaf664,665.2627066152029
703,cf37ddacfdbd60f20cff15e645d2e04264791399,240.59987925757278
704,cf3b5632732bf79c9b78676d20ebb3b7973445fd,262.2362490387844
705,cf993dd84435caf547c2881dfb53916ce48e3cfd,639.916712369517
706,cfb77e4ebc7045cf47eaaadcb12ec0ad4a986e35,419.54634826238834
707,d034b357967c6c333be89be3c603091d0c60265d,0.0
708,d07a10305d2dcb8e35c7950b820a899da0ce97c8,212.57550439820804
709,d0f634c0a8770d9793416c260ba7e457bd977057,262.6175722379757
710,d148a369a2313fcea9af5ce92b86f274e2e37e94,112.04442950835247
711,d18578b6741fea39f0922df69f56c19f2bd69c1c,526.6191966230565
712,d38c4d7f18ca8a6aba90b3f81b2863d8ae3c84eb,427.85477456995346
713,d3e3a0082587b69525d0a4abec172725765d21b2,138.57886207050933
714,d4042704e76613cb259ac13d7db3fb4d0eeabfcf,44.43605260556299
715,d40be3d413f7ba4d34abacb4140985bc93d4748b,699.8729488992822
716,d468c4db9f6cb97ca4152440eb9c9099eaca9186,409.2520641845251
717,d4b08217c626e548835081bd2fb725f5f1071351,10.364631342426662
718,d4d2843be8884713e49ec5053168de0bd7205b1c,723.4729025557835
719,d5203cd393443ebf750502eebb384b42db6b5fdb,66.85061381673941
720,d52a743074d439c04c9d3226d352e93e8250c7a0,3.6739703923252023
721,d54cf9971760639469b38340a9e5179e88cc9565,146.5981293668516
722,d5b486d5eadc9f8f60fec344a956bb46affdafc4,182.0202051443026
723,d5c810f2c1bab89d7b7defb0a977ad98a2d7a9b2,20.927531587186763
724,d5eafda840481500300cd1e959ddad92311a2ab4,22.020200032615833
725,d623461d0e3648e6ea047d30ddb204a529461748,159.1270309636913
726,d641dcf7df9dd49f9842ed4b53b5c439f1af1725,0.0
727,d73d1f703384b5c7209c35101af77b4642bf7454,376.81535783011975
728,d7fdd4f03329d2ebae4318077825aa0ee3e95e5c,38.11349764474855
729,d874a540fae4dd563dae874e4bb87e6d4e17bc9d,399.83686214468236
730,d89652f10df18fe8844986b18936959527228639,127.17158524602729
731,d8ec71356bb5df1cf8fec800e6886aaaf9911510,545.0896432855202
732,d94deb665ae01b16da724920198bb128769a1cdd,488.505208289503
733,d96d34ce25e13e95f8be7a2047b076a05a73bb50,159.14551094625114
734,d9bd46a8f029c46e0549a939215528ed46b1cfd8,0.0
735,d9c9f5241a964c7d7bd723e78ae75f2214b40ffb,248.8197249751012
736,d9fc19bc3e10422075de45e7607d510092c6d028,611.1800666018039
737,d9fefc8b919e8b74dd1ca8427d8780965d5955c5,36.66858488338545
738,da5ce67803a8039d079ca666c6885e8ea01a2a75,223.9663934955572
739,da8a78b0aba1c6f1d9092a69851a8c3ff9999bb6,75.00970507428639
740,da8d7a5e7996bf225dde42e7a0e66a92359d102d,341.42173078931506
741,da998035fcfb70672ed3511eaf3e75fbb4aba619,91.57601768282404
742,db1e1ade2a9bbb88fbfbbf278e96a5f1a9a44473,454.0707444036661
743,db5a959497a3f45b886a20f13e5f0b70faee6927,80.32051898606971
744,dbf508e6a2984148d1b7391d29bbfbb421f3180b,292.3374495371856
745,dc3388cd406e42cc389f1efb4b2031922476d704,477.1723272151737
746,dc39c95a34ce2e297a12a7fc18944f561359ec00,10.006515215244463
747,dcbd880cb90b63d48076b51692bc81c55bfec66a,187.6482185503757
748,dd02e625dd8c2430fb9dd81f8038015b27cee696,0.0
749,dd1a7779b1dfec83d4aa0c198b20f71c7b7783bc,296.48571696350035
750,dd560af41b5afd600e2d3bf5586656b0f358c384,233.2196389095699
751,de04a3db23231866d64b7e4a0c6fe5bfda2447d7,151.93208670251613
752,de1ba10b2b68ad45a669d164f18db50135d61297,267.6724895127818
753,de427086b47b72bbe20ac7c59425505a2bb81e79,170.7585612382021
754,de5a4ae1b41cebebabfba8b0ed4ff7fd55ea6078,327.5256239323984
755,de7b04f23644de6f296fcaa74b3c063fb64b875d,171.7212264050822
756,deb7b468a91c97b3c1b2c019c08913d7aed65774,633.2477391238352
757,dede608221813d42716885d428406c47ba1efe4b,323.6263450709084
758,deee4ae4eeaae0811fbe9e0faeaa9b24f5041c35,88.38724718418706
759,df6327a64ab7cc216234bda7e9fff1998a39f8e2,72.95242122791959
760,e0e1f107a95934a3912271c175a205f63fde88c9,461.68809434082107
761,e14f4fbc53a3d8459e4990275cfe0c8a435a371a,295.6445930630136
762,e247c898793d9345e988a9d169ba63aadf73af7d,95.34460440463249
763,e25200fdf361a66a4d653ead79b0980782599d9f,211.11457798074562
764,e2838eb3228d23ff0a3493056be9dbf9d9715695,8.10397339479212
765,e29d82777ff1d4d9517ce77a565d1f20ad9109ed,582.7574465292723
766,e2b86e2b7bf12290092a79a951fc820c8dd57bc6,224.9682284931504
767,e3218f4c7025fc51b38f6c3bdad3712407852229,93.52076644131134
768,e3302a158690e9b7d3b03a4323144ecc33d34620,0.0
769,e3943e72463136e12a58a619566752b39c7cbec2,290.1195363844589
770,e39d4e5af0c75b79891bb526e5aeffc90e762fbf,192.9453819637917
771,e405266344fb53df126af9fe09419f8c49b2cb80,506.71774929109375
772,e423014380b814100b4b3c96c21a61a98c149397,294.0859958735229
773,e42a90a0e1a26abdda5a1df8b9f5e94a10ab3c85,626.3229059081755
774,e4ba6c019866c79d03d1e1be7e49acc9453ccf99,122.95149119882335
775,e674165ed0ae18e9f7bb6d0412958c246fa22047,0.0
776,e6c886ab4b45aceb8372e0ff4568b6a369bf0d92,281.1208231633256
777,e756d6c279be556e10303dee655b3b6381df161b,61.42239390000006
778,e79630dcafa946904812082e560f9e27feb949a9,109.7774131079887
779,e8e3abc187db59ca65c07ba830a93d1d18d568d7,332.19555740682677
780,e8ed8db53ba8c8b47385bf47be70aa6251b12eea,75.40291254178791
781,e909a78dd1088038e3906796b449039340531ff7,91.70795165541605
782,e90dfca8cb782e99db11c4c24e6cbdffa7ef7fdb,107.83405258515327
783,e93c9bb9aca8818fe4f5ac98a6f31d6ad30e819e,456.713376393446
784,e9b4ba21846da7a132afbd6ccb9796266d420a33,0.0
785,e9be24005794e6057fc482ec31d0d2bc21e98ed4,578.8635847690848
786,e9f5a0f42cbf07543407ebdd146657d9e4037171,376.4816149199696
787,ea68a8dfc2af432fa9995659df2e1bc3b3c0415c,79.49892277725021
788,ea8349c40de2ee4edf8ddcfd235bdf2de8a8440d,228.5951986926818
789,ea9202974652e55e75b22a3a1cf86742587eb368,81.48563186453245
790,eaa13ab7ddce28c31510e5eb5191bcaa76de7af4,322.6253972123863
791,ead848c2ee50c496b0d7d67f726abc9c5aed3207,132.70889988534057
792,eafda445eb3424a25c0aa64767bb6962623dfa5c,222.98156871593164
793,eb905b0c211f7c81ee95abbdfecd19943ed497a9,277.9141775711116
794,eba4034f8b499f74e06bd5febb22a6934a8f7bac,179.75224926651646
795,ebfdfcefeaa4148ec27eca02f529b896fe155f8f,270.35405774736483
796,eca3dc252aac948649a6705643262093beb26336,148.15585036238076
797,ed725965760ec8e92fe31753b3e7d1811ae03d2d,1.1437997154092159
798,ee48019214263261dc029bc1dcc7dec4807d4df0,181.0277205510578
799,ee4f263a4d96c4e86e6866ed2fa9411a5d747b07,168.21076760203647
800,eea83a3778f65ca799f6e455871d8f8289a7c96c,0.0
801,ef9ea00c3c9cfed6a3fa526bc311bdf8e847eaf8,74.93065226453643
802,efcde1b7cc55383349f8137aef89934ab8fece7b,217.64474461302612
803,efec6fbd26b9cfc55d11e70152a4eb986f75da43,107.74888139617076
804,f008253dc7e54a36a6ca9d0c9977c7bdd6b08b6f,61.804299861956196
805,f05288840077bda87473978f3dfe4d8f2a8a04af,29.32793365358677
806,f07c5c8b44841cd0b4b570ee962b8fd7ba2e3bc4,431.27045962853015
807,f1bb26b57f354018a128ef2d454382c4cd65960d,326.81524162967935
808,f1f7a3feb07f52a299616a306a2374428a60b9d4,38.93460445165664
809,f22dd1f5d09b65d0f117279053b20d81ee091c47,265.0148094427445
810,f265598a80388ff7f658199e86049bd362b8feb7,287.89528015753297
811,f2ec743cb62f5b9bcaa72bd6a5b7b0072cca96a5,330.43633370899397
812,f37bc44d1983a18431f0e7fd58c013d0b7a638c5,52.31844930003018
813,f38e4748144bb5c7450174f0fc94c83f912a5372,482.61387966646583
814,f3c630ebe41ac25d09598aa8d2038cccc4868f93,446.6665677259351
815,f3d37c982ea714cf89bab21a61e1dfde7bbc0305,390.76527937419667
816,f48c078f81d0ec2d13652239064709870621c5bc,230.30989741204348
817,f48dd56e652f36100c831b14c7761c94e2a097b0,83.4555780973736
818,f4d4a36c6b6648bef8169a0283096680fc1a5de7,437.0170192121849
819,f4fa3601ae6114338493300f8e04ac514474d364,197.2052650530875
820,f519c59c8531db09e24f5106365de01febc08b44,507.88916134203384
821,f520169b688bef43a04467c83c70597e247e2da3,486.6452519727533
822,f5a81b8b5f85ece95ef32c17c812ac878b2d0d8b,551.3706600277283
823,f5f6147f910c7aaca960efa50fe2442aaf7e9e4b,153.28708526104387
824,f639d39ce0987e43f6c9b93bced9a3c918b9bdf9,211.25218112500087
825,f65d6d417a0f0e29d63de0e0b55479aa193419f7,222.61851929252194
826,f68fb64d4c51f2e39a22681695c129b6bb3c2d62,253.16783786190902
827,f695cd7b75d02a7f147aca5cd794c63b33107ca7,279.96799513958484
828,f698e1984e7f10700da0b2b9bd281eca1398ff4d,92.234254933736
829,f6a3afb2765de0f3e86c5886113824df8b3479f2,0.0
830,f6e83e96f0a2019c0a8a8df02534e83d8cbe2c28,564.0214836951816
831,f737eb1bd521e5b65dc449d6425e2dd8e8e44179,0.0
832,f79cf1f3d100e5f34d86ce2cd4c8c35ca3daee77,520.6554013182047
833,f8531db48ef485c8976f712a83ed5a2a426d2b96,259.40325186667883
834,f87b2fecda13f6b91d12944c321c1806e31aee73,248.95690202552268
835,f897964ed612278cfbef65aaa4a713f5e747d7ed,294.0709323869364
836,f8adce2d7df9a4417b85cf9a745b837a17aca532,259.5614219649307
837,f8c628afc5a0bcc09c78de315be28c8fb0d2b586,440.77719684066733
838,f9256c4f770ab7f6f795e7f47c0dee1c7c51ec35,73.07425170623469
839,fa024bd05ae46a00b122ece10199c6cb2b0efbfe,517.9482540338934
840,fa139d0e0d97d8276733a78b6f934b26178864fe,120.56859731678635
841,fa3e8eaf33094acd8695929a324a43956446ff27,187.35110978978
842,fa4bc51e9a347bd94a1cfaeb6343c6def4e7d5a7,136.98879288212987
843,fa9c5a61fd58a93ae43a0c336c0968619321caf3,575.8064045734179
844,fa9c99ce9acb5fd5971e8fb834d745a33b714f76,547.0447768143935
845,fad331a3643e0f975f041aa16e18b72a99417688,200.06071401771916
846,faebeb39afd5dd26f5afd5cef11d5780b8a8d04e,464.1794949499831
847,fbf1703227cf7b214d016ed861f889fdb6f5a4a6,193.88539662354952
848,fc3735a824c9e87b4ecefaf8decc3a3ac3cfb662,0.0
849,fc93f83452c14d80e82c2c8a7f39f912a05308fb,56.32902927892138
850,fe0ed8c9737fc8fecc09ca479657e87bd5378906,355.10856690948657
851,fe549244512331e1229c839e863d83a3638b1bbd,116.42374819274528
852,fe6eac0778f476c3f1ffe6a1fd637f077573e077,559.0617709550214
853,fe80da2e964fa0782b5d30725105f59444a90261,379.9272282562665
854,ff6a1ab20dddd786a6d449658d8efdfe075cc3f2,82.72119243466636
