PLAYER_ID,PLAYING_TIME
9a844e4d2ab1c3791241f7695bc86d1cbf40cba3,690.1292294
82cb9c0e72ca056b5de69fc76b30f69789740cbf,517.7385101789728
263f19273c6c4c12eceadb8824228fe1eac5e8a4,160.56948067774087
12dd288e43abf7690d8993f47d2bed8a024c8fef,117.08859329912512
7d73305e306705436ac4f31f8149a297d95b0040,389.0858864572426
8a923c41a6eb11be4d5db8e3ec8e6d9fcb4b8312,0
b2cf06bd2f7adb8ce79bf51948c2c890be9e349f,158.4146488921566
ab22430ffdd4b0e3c20d34f7a33d386fb734986a,113.8063787572819
3bd724585dcf970b69bcd69403b8d1298f88a419,406.7201251194232
da0e4f7e3e161ad3ab224d18237c1184d368bb12,163.46369292545668
2e2f82f44014444369b40a5d707da242edadfbf1,141.43359650545153
fb700ef074fe19c9c4328e120dd91c7b03c044cc,118.91555140460123
ba8daab0a27147a0029a2084f2a14d46c30d9969,126.43364497227145
f53eda7392de8ab6de38e9bca9b8aad894320ab9,75.23704229875214
3103eeddc91e18c223c7ef4d3c12f29cd6e5bdd8,172.22676840497635
52ac31111dbf3a9e6436c1e015d4b4f1f1e87498,197.450121
3ae724ecfe223e7e9201014053f8fe62a3e9fc1c,646.2224489
71b754da9092ac96360ee1993ec27366bd039785,72.56860103357374
0d3fd6094040544c67274fea9f50251c00e03b27,226.9135917782128
48d72c4d9f603b080bd0cc77ee6a1eadbf3a6b93,446.2850210486066
befea4c140f097ea4ca1952db4949a66119ba917,163.82235040379166
8c17e8a7773b0425a915a91dfb424ca0db361135,544.0435374909284
a541a2973b76530ae727ff9bb33cbe134af302e1,139.10272945148458
988248071ac6854ec1205b5a93b3f86f2b4aa8e2,288.87713201011195
75bc9261c4f3f8230b578a90092f0204fed4caa3,83.01364041269089
bcf797f96bb77f5e3735d453c1519a251a37c1a0,332.2673212529416
11414d3c42573a52b9032d1287494a78a912c4af,45.72816927
c7cf6ba58c6e1a6c0594c39eaad6608c41f02cf2,155.53367213258366
7eff5913d27779974e8392a83471b0d695fe4c7e,49.311841497814584
ff3b7d21e60c24b6e926e3ffc3fbeb78cc9e4057,260.03514410801233
1d392fe0b1ce6c5acf9617caffaf58cbd4848115,143.31170979498552
1fc56dde27923c1f2c972c36262ed88a376f0c72,120.87753836825841
e48f9c8c2739837fda3d42ea3e3e58598d40c47b,122.87433183803435
33cb9dad28fb00c8167227482cf11a9cb74e23ef,67.18934151836702
395c6eaaa416e00733a3f7d1136810095409b2eb,253.32187182914026
04ab37677876a0a6cf841da7c735c8ec8288571a,78.84109012
2b62a9e809d4cb29e0c7ade6c1ba064b6a2c7443,231.51475012272886
f56d7b028b79e76037ca74a83641cacb1fac02ba,340.61782340047364
affcfa63309486ddfeb6dbddb82201f7acad2ed3,527.1802974019246
22e048efcadabdbb2f9150cd00d9bb7d08c4eab9,285.2184813459112
6ce6f832e5197576e4c34b6f627434b5cbc97c61,427.4592265476632
b6a6528f08a0e1f3667715817bd1b31609da0e6d,507.2113818260926
89867c611e3d19353f81da7951f84db1bf5d3045,612.0845333235077
db540e374d305a17c5181aeae0ef0e6ba8f7460f,235.0769471121092
7e148dd6c0520cd48c32cbfd55c0d41a9d240c04,196.8057270365524
248107deaa8a879b2d8c74da6442181c3612f51f,139.4361432140878
a077dc4be2425cfd6d0e83f560c4c71de4544c6c,167.5638124933068
911c1207c6750d3cadff20ce7f8a4bbbb8b30c1d,447.6160775563783
d853e7096c3c748b5722a0843ee6cbebc4b412ad,153.22016874382078
299fad2dab8ccb8d87162771763c53888f449641,249.26536150391644
aa8fc6498e64d483653ea6a5b72020a48f46863b,295.5829965168935
43f3db5bca4b3384d9100cf4752feaff3b4d8848,112.86931980021826
5c52d4f9e23ee8dcfa0954d52da4e198f16085b3,181.7822560714822
c0c23391c0b5487f31e103dba2d61a20a4267a46,126.93113451504547
dcfc771f6b918ea321fc4743b486f5fbbd113d75,182.59858736015659
3b88513658b5b9efca074078f20b2932ad1541f9,151.3078956215447
2218a9b7c80545dbbf19207aa0a7ae665d871997,41.186322720596536
9f0d133f5c3fe4b2ae333b8ec580143f92bd1ce3,58.54656630293991
9c826a976313aa9c8545b056d08ddf8d8c8304b1,46.00182264034066
365f6657aadcb1a12e98f1bcd8c39a8772715437,273.7472555319364
e12390392b3fc667467cadbc21ed707006f13fc1,37.32565653021854
44252a2cea921ad8a5c77366b3f681a57c258a4a,125.1516346
b014127dd50ee1385d129221073a9bc1efe8dcea,181.4760492549264
55f30cd0ce515fedba14818ddd0858bb77e32d3b,329.36470948863985
9d718e4ac752b0c8256347ca5fb2311ca1b29697,35.28006754111689
27653562f25fddfedbb6862c6f7f775e3aee8729,411.7457694914744
4053bbbab048ebc89275501cf19493c8b2912ce6,44.24115757504049
1d76dbe6de87ff39a60a699f6c0523e8b3234f26,59.146894110372145
9c64aa2f9bdc8a444259c5cd80efaaa327070c1e,68.21750481792544
a344708b964f13f93354f5ef39091648e7dae405,111.86291320710332
b44b24f15557ba72ed6c35df9e14f6b79a63f12b,139.57359817474696
539ba9ce9c572ce6d0a4352db7211b5286e3be05,191.17927510436766
de9b8ea5dea7ece62ee2ccf8e7b7a43cef8498a0,200.4378440356922
2d310aed9922aa4d8f64f102c753024d34182882,133.2783129
edcdf6c249486f992de4eab95e4ec8edd8a3d291,314.2181893
369cbabc57e48432e228701fce080636f3e25cf4,227.33277879290137
eb2459ce78a533085155bd79769938d2e04d2447,82.38645432996285
27c6fba076399f5a9ed7d239040f8a5278e0b538,164.7694780675725
ce746d67556da11c57b57d89f6d7119afac28883,190.8183024498952
6dd582f3298133f1940215ba26611bd80b2bec09,158.75548700091656
8cb0077cfb3e22ea21306da0bccccd6780395e82,360.6296223775485
218a22db54e7c29631bd7bbb8179c292e08d073e,92.61201220212462
ffa57541bf6d7030fdf7206f4aa0141a2c918647,413.5182155393934
cd9532b021820f7df2e01c77aa62b0b52f1f3260,10.390002054922462
ad3c96b12eb524da639ce2a34c52cc10121452a5,268.2311680150688
9629bb0fd4ba8f090f503488e7f867404b285fb4,565.9865477080886
4dbbac91141b88b6314078302fb155fb4021b09f,166.1223199947822
3970d8b854a033109601fc179283d41f55961c2e,129.51150025967092
d87ce4b011fa79fc87be77cb2eca6219e6a22f7e,44.60534104212624
68d6e891736066dd5e4a3c97b43a9060b7c9a7ed,168.63180339597213
c6392379d4895e7d324dfc39bf26c47ca8863010,87.17433799255996
3fb2a9e597adae69e240263841a8d5ae41687292,47.186013392465156
f2309dfcf90a974cdeb152b2de025aba3c76df17,672.3062249588872
d3798a74395f1e574c0d0ced6a641de62d493cc4,167.57338891692774
8fbb14aeace75af8a3660d5b9579886cde9bea53,152.13024825029817
790e6263b188f5e3be4b2dc28ad39c35033178ca,177.7866021
b81c83a7bc78b236f741178465e4491ba63a2c53,182.33876409603695
659fdb3f91f577b99298e2643a3aa1b1e250ddb1,382.5053748419828
cc226d28e016753edeaeebeade623877b5cf0596,386.00822883518623
15608e4490fbf0ac84909c6cb0e8a7f599aef167,125.40992078904475
bd92860ce8fe7bb4ef198793f18a88a2e40b0054,130.11288552142383
c00e08f69e44f658e28f00e67502f80be1afebe6,305.8304718859299
fddbf98f72e3a7fed3608a6508e0535ae466c430,110.08644615387684
f61d04de319259ced1f7ad9071c8a46052f3c6bf,134.23569138501665
74f22fceb707d091d74fd07c2e347a50dbe7749a,294.6686927885862
d455ef7c2485c9556dd0bc916e833870a50cd1f9,120.02003400457127
9bb39c86000b71e3e0614e7bfd3f74806968c3ac,142.3076782976118
63227b0144020db4a3270d811696c76c51f4ad91,98.98553326288096
d3aa820c2ca2a65f108cbb8d0ddfef1085812772,108.23869188466387
5355c083d8ca64985bd4970d9f2c471bc6a78b5a,188.44132600258942
f006b67e6b2b2c811baf7a5e69c36e002ce02adc,330.2843210626787
dea574fc9c495459f425c25b4589b7c3f9853b8f,76.27647308568754
745e1b784f3db91845844981ae0a8c06c9f09135,186.15531180878358
d5a0ea56e1b97dc5309dca082b5ef032dc58bedb,119.76035933966567
56ab7b53d0c7dfb20d51179b198940b03b15b3ca,70.06022515595967
c6020d12585d4a0d7b1babd840c54f37a9159aea,225.26522387905248
5b3c1b2b32ed07df86397c80422c56c65d064ec9,231.37670713988928
833193952eb3312ce58f20271128721570691ade,100.39307078814657
d302140d59a9420fd399c51d19d2a8e9de5e0aa8,158.43753839495713
5f55cd7118d3da57163ced0872286209bd40fcd2,280.14203857391396
76c1b0b1cebc635fdf70c2e304187061e6393114,266.08629282390797
9f97eba0f0f065f43f3bae1fbc442de93be9cf41,96.20489589
ccfb84da90116a28621de8f41a5426d5bfdfc6da,326.90890592393555
f07b41156ca170c7f046cea60fc322c650989a1e,253.35569102991735
f0db9beb2663252618d3de83802ba0916fd10345,173.76076693018342
963b6b90ab5708423da2c909b2a606e73af500b4,233.59010633224224
e454b2ae6c5ebd0104d475bbed201ab719e519cc,44.21426545359063
3f2fd1f456f8f24d1afe5692d39ebabb1fbaa0b0,136.70721294805645
dbec40c73b2ab9555d7c2166920b92ffc21baa5a,121.33451172225995
63052b59c22ff4589f975df84665dab7fe136ef2,101.41643305418638
d641d1b02f8a66839731d74f4427059d6a8a81c1,282.70270816117574
0c049bc522425eab3482cc503f0c1f416be05b4f,232.90214376508288
7abe25c99132dffd0d1bc6ad05098bd01ce7798a,233.88240766050333
01171c9c71028faf86b7447ec692000f50df9fac,272.2446933207522
4a8da77e3ea10b8b42f0859ac49610a3cfd6bb01,334.4065468561983
ddcda75b13b030d7554c22a953aa0741e3d3a81b,11.35926065158364
d0a05fabe73d4f158af331fe497cf59cc3c760e1,485.16757449046236
151e3a419b9084ed3fb6d18a9d95bea2897dd4d6,538.8151608004339
83e0efaee0c0ad8ae021273fa2166dda87c250a5,114.48949964381002
a080e0fb6a8d34e09f1871e0c2440f2440620251,195.77463183186302
827135b2373b76725e3861585e8180bbd1990e19,411.5907566942376
793587fe9c1be3f0c7a27e768f7e54bf7d13ac1b,217.64662091620738
72df61d622032f8ac8599616b662662f65ee22e5,202.29715637169468
13b9befb143cf1eb672fcc25df09efe896c18ad4,196.56945106680382
2e68dc279251e6c847a8c8d7e1a3076cbd1cc93a,283.21362699045477
6b3b0d2ce1966b4f66748297e385cc7e8c8bdc98,110.4914805100043
d22cb49d1088bec45e9076cd35b6827ef7ae48d9,122.75096231306985
0970a31949e9d9c0db5d90ee6eaee120529ad264,205.08798262375996
bd2d4ed904336afedf4133388d24dd3ceb8ff4f2,113.34579634571685
a1e50048cc5485d7fec29b7622cd84e8e77107f0,254.30698892056824
c622a8d5412a03285ff15c459ae6d4ae30f186cf,108.28384602385148
bff2a57b9d1c56969f2f6fe7df797ed524158575,220.55435136916373
9733e83987bc6ef229981f8ffbe5cf103e5d1491,125.82041568443503
273daa96a89fc728c0e22f2528de781e70ddc898,109.86659383826668
5aabc59aa827d6a154a25d76bb30e9a4d658ac4a,242.46333076214543
32603421aea266b74d441ebfe6f97a7cf4c4670a,381.11096723362334
35240b17b7471a740d303cfb02577babccffc8e7,362.2600859870899
3a0069aa7adaee13eac04b432235b9a1364cbf42,392.38387877632726
82a40516439b2c521bd17f809edbf05e2a311a0e,208.99913690000182
b15267169aa4619e07c581cc461c727318e8a37e,462.2895521778033
134c7f74c7e9969b2974a197fd1401fafe07f254,114.76470608692553
1a95b47efce4ba20485a5a9244ca1fb6716378c0,226.51393800418302
bb2a17fbac021ed509b946b71f955f48e974434f,219.2409061
d39e88861bf64ff7cc26749b2205a727f01d1b01,504.1106128654421
a9c11b84af53de19baf262b41382cc42f069b076,216.3603635653928
07d42c9874819367bc84d03f3e101e85ab6dcb86,114.71386692088826
2c06050c5104e14ea16b448cdb68c98c6fdb6022,252.9897235442985
34190fba310a52459744c4574d93853243ee9eca,446.04461551203286
a0fdb43e8688b158286b5e776d98d4d3d620ed19,125.27544724899113
c87195f443c8e3b4e92f3f0c982c6ab1c98eee92,145.39502932693028
701ba48cf3b66c21aa686dcd78a66ece9a09f614,268.9998187907115
094118648e37affcef64cce8a305a82d1f51fcd2,187.09510453319442
932fb2795268aa7e90ad05c149845626b1bd33e8,197.59590561427135
c3c959721c769aebc8c295ef57242f77d7924eb8,187.72961174330342
e58da69636d4d6cdf9113a3b88022bd96db78054,313.60309608954145
2fef9b7f0623a9980280e266b740988f83855acf,84.61086153194697
a53d8bd55581f6e8a1f9eba3dd242df50dc4f9b4,48.934872761006545
812bda429f3d18d027657b049c110ed4130ede6e,218.41479205619544
73085df848d250529c6b839c4005e1635f908345,24.134022938581523
24267dad266a032536486b2b6995824c979bfb51,141.67577786620103
116bf451ad3ada01098811683426047231cca18e,203.4424686
a3be350a00d09dd1e888270c99f348fbfa8d9fcc,285.6253401163828
bef358a6e321b663a57d68088262dbcb52375fef,189.55110383539628
705a86ae9eebf0316b273ee63d164031a7b38ea2,240.8321212358468
ab0cd1b594b0a41f4764e09cdd25c6a2f552896d,234.24327127897777
5135f5f58de005ee87fe5d4d6cd07d12b6814d45,359.2229368
28d785b51aca593d63f830f13cce15694dccc1fa,151.2322177751533
53216214e594f707b528a229d41523492f301ebf,53.8702845
b49c738a07341fb073afea180a7b892abf6e232e,193.74941935434455
8271bb867b6ea45c9d3f26a5e40951bb693b2c64,277.6997116970704
264420f7804884c990caebcf743ee98c87d86349,175.7499855
c6b23c492113559403b5c72b57560361548a9714,266.5114853244517
b0391649b259ed06a0c773c854a7693e6bf98fd4,213.5534624022518
31ef0f4e5590e1a0197608885de3727a600d250e,213.74895288300033
fdc8ed4157388a37b3cd5128343e4b5e22b41282,164.1007265003799
30a5c4c806d84a9c2cae48ba4750c9ab81a676d0,123.7260247924299
7a891d3cff176ecd273e99f30daf952fdd346151,101.5110712081878
558693b14d63414c1b4c3263f131b0be7dee9682,167.43687315058193
6b2bc8a2ddf021c6284a7efdc40666827bf64725,135.82697521569182
c4cfbf7ccc18d0374d84bbc07f15cca8c75a392e,149.50844614347739
6475ed1418a5225c0f402359baf82d3cf8baefaf,240.18889554055426
92dc6059c836b1d56350ffa0b2e5a8d40eaf2b99,398.54532884762267
56edfc0a0cb6da94f5f2faa2aba4a13fe8c23550,244.11058365836658
b0c7da3365fbf57247eb535595037615a73dbd98,70.07604040469062
04c55b806675c5b5cc0e9fa9b5bcfa1447ffdd43,140.28269830773684
cf844ba45063a7feb233e55f8bb750537ff7e297,222.66443835642633
25a0a4ca22cbf1a928e8d251085e8c85b9a76da8,96.69455513683849
82a5ab8efccb2187f9e51097d6542c6145086310,193.34879161645006
155168f6c29c329f20d476d9f6181bf8ee1e335b,124.57096866100801
3c8235024a0e3e3f1dcfef16080eaaf2cffc887b,416.28870468461605
d31a6366fe4f4554c165731f27c40a8d01f1d8c7,138.5817846011887
6f70e49923f042d17fb8c5316ff8378d09e189c5,173.49546718949063
1bc64519078a3434601881336c2c21fbad974c1d,175.78361119429883
e57904c30bfe03048492a981b4f5b86199959460,147.8979361236834
67f1f58459a3eac623952b8dda017a102fa7bb83,208.15475263118782
37081ad2fd7d7c7728ee4fa0ca279161dbb7d9d7,296.1496983355409
4d1e308f38691ef7021a09d0d25e7b2be1e949c1,366.7922115868726
8ffc12422baf26cf276c1b0f0ad92fa8121b841a,267.0756639167191
064ce4262b457f4b6448a6ff9dafd8882ebfeebf,184.67163756093467
1b6e325206b56276bc690f3f7397aa8e4cfa7507,159.42630698478814
e77b26e0dbf26eaf941a853cfe18e276fa06dec6,180.08958099358208
6e267969591972b6defbdcfffa3018611174561c,276.3743076149593
4316daf1b387c166258117f89389ee7e5888d74f,44.878122218421936
19a16a0f9bad918752029086cbc39e8d625d9514,212.14261358235743
dc4721a955b712ffc546f09eea70c45c125058fd,225.06672033174334
200752ade9aeafc8196081e0cd27228be4df21fc,119.45868312419127
d8eec2327f738402960cf28b44c1221b8ddc188b,544.6117821829617
dd39392221f0834743b9b6a1945438a800f44e55,166.27912324568953
a5f4979b97b2f61c5539cd206bdddf51c14e489e,205.31653003122537
d5a4b3c049b9174581cb64c46d1b4bb0ab9fcadd,423.7439777459222
5681b7657ff7c609cb34127a516ba274b1616a81,462.35263915644094
60499f6abf89f78970429623c747aac5add3519c,90.90175080436511
95488e24309dc2d5f727415238c82cc138a43009,278.28228582999276
715dd36ff08e326e2b4c45427c153b0e7bac6d23,251.7072413078902
a452b63757e97e908baad6557a89b85f23f0357d,236.35428588082812
8da31282e0a614fbe7699ac443789f1109ea1de6,151.64445382864142
6559861be08df170bd9870e04da13bf3e3b324de,247.17558642664233
7268472644e0b09901bef6495e2a4d455b4c1890,421.7625137990268
35a9a6f4775002cac4941a15b11af3640b2a3291,461.88581780367025
63010ddee8efefb0c8495979427b6b7b4f66b148,374.35686484410473
c9191caf2334c0592da386bfc6ff7fc06fce4e86,138.7540625611418
819c659ae2937c0ae169d91ed3d4b742a747d8de,96.14577192669523
34cf2ac6c998b697876cca89e2067537fbc085b2,193.4036529201057
2ec07fb059e7ea1c4383c012e2eb2aa3043bdd9c,162.88975841582686
4309497a3f679e8526611272475dea40696ac6b9,58.90649377054912
efe6534cd7ff125e43c44de73d496166fc80a20a,231.25423422974674
e7b8de9174d5cf5d700783514cad512469c212d3,215.77657496645998
3b5927cc7815c40a1062a5ce600b3306d13e0d31,166.8574503988426
36e1a52f5c160d45c342f6d586a5f9e72901db76,198.66914030309078
e5ecc53c67a6119e2f40a7d01fa715dbbffdf1a3,109.68735546303404
a3dda6df5b40dafba0394d8f3bd23ac763e14c20,151.40815412248887
8385d8f483d01edb19652cda2c3e8859c97572df,172.5568603859726
8a08ce5d05e0465063d79ef1f4d943a508e6ab9a,122.42234868942936
eb4b63a3ca0b803a2d6d392476960e3e55031de4,130.6620187753524
86bcae85b42e4632b6b1167f62009ae645bfc8f7,312.7140110713748
7e515479d347fbf48a942762c9c0d6297a09c98e,212.65950248131054
04994290f0133acc8b036b3d3bc14ceda5b0d012,553.2259881112466
2a706d34fdf633398c1bacfea10d942de9e2c9db,151.77697745810946
dbe56adcdc76a74b0cfc490e4ab7a6a4f51d9afd,142.51841324854712
85892930a37ad79b3935abb05a5b008d0d2c9442,313.30912715313787
1470b9d18de9aca99a1d42b2ab8f32baec7ecd3c,210.2456834747509
76a3cea57c1986a73eb8032e606fc06a6165317e,316.3647392854609
774e4ff835d935c622efdf74f11423022aa1aec9,151.54446655037808
da2331420ceeaeed96ab885543ca5a4c6cb97958,149.36852221869052
0c854267fca81a9357f55f8130a99f9ecf8813ed,231.54536966319546
f4376d857342ed8e25960235e8b2dc6185aca904,227.37401408836791
33f50b682fed41f36da8147ac43882043bed55b7,59.51765672197733
4b2e927b4779f66757c59a57a2e4ccad0f4e54f2,148.1772497101539
906d0f1dbd1ff88dbae6d7733db157d8fa38f403,222.17997828509004
aa7d8c9956e820e0687d1dd1ec6d9a2e1ccb973e,172.21778022172154
896fb5e83de7b25546af8c120208958822553154,330.3956685736114
993487b7e6d00467a5ede03140d3e3945bd4184f,367.9160117372976
83a67a77ec3fd10c2f7c1120915487f1493fc797,410.0411511084183
bb35e1261b014ae28854bee33749be3014abd759,423.9879400829153
c37ab1ab3c46e09c04d254ae19538906e4961c14,329.22225630741934
a780aca9388b5a7fb1dd5e25ce58cc2a737759e7,423.8684824108881
a361af09cd69dec795d850448e306d7dd3fc18ad,664.2166852724872
5f6d629aa4a729e4869fa88140a9abf4b616b444,446.3396462936265
a55490aeb6a1112c687c10ed27be6f6cf11efdbb,197.28391647597812
0110ddbbd4e67bbd0a355dd5561021b075920eb3,600.1541263161346
847dc524ea80fb1540a4d1da0efbef07f7b32076,340.81195641972573
0f061b9439845159c394a71e55d635b10ca25656,505.7210797697643
c9acde47eab2f050e177d341718461ae7822a428,272.1520336
b16b823740b268b9519845df5a6cababf87b91d2,395.7228887035275
810ac2caa9faf2673d3f3ace92b7f4b857334a22,497.9281636384131
f2456960a50139c4374f31e3865451c637644728,503.4246961392921
4d1298183510acbfd0087ccacf726abe77fc6e4b,415.5261997446055
39e4ec390ba39c0df8140bece8ee601f966b1453,523.6069370782398
11416d11059c8d9746e5810a0b83471293d2bfef,574.7900330846002
10b63e5c9a5dcc616d43ed60a0888eb869f5daad,388.2558909791243
55f5996485e6a1faa6663ac69374953aaba0e5eb,455.0677525765639
6b7a15b5e5ebfd02abd3d24d7693239071cbf9c1,528.9524619554672
bcfd4fde54fafaee3f528e136b8e0c506b8f805d,145.83825781701188
cea64cbb740673b74e9c574d1aa21ec5460ddfc8,329.5289124512807
aa3d79f358afbee1f5c09c94dbabe17a75f0e319,517.0122621088274
0dc1d0b79956f3ad4cb3e30433d4a41f0fba2368,151.85939132748572
9704d821131f5f3bf72417dd72fed844bfbf1d3f,560.0486419831117
f191a50c001c115aab10e7990f715eb2dda9ea8b,249.837332
41926588df39fdf6f7b176316ee2afc9db363844,592.6836941553735
19c4182f72e996e7f55493ca7cca258f713f50b9,37.76521751554293
82bde68c049407a9ac8f5aaa0cfb1b825b195dba,343.44901673305276
651e83e10223cd815b67ad888008955753378194,278.1066800519384
f91d55f27ef319a0939c62926cc821d10fbc0845,405.70772306069887
2e5bb21caecc3ffa164afea25298d3ea1c44c347,181.57609667244685
51ed749ff2ec6535d1a2f5e1cf8f0755c7947076,295.86829223836384
12e59434ed7f6c49c05adeda47362f7eeed1ee2c,475.2849014413951
75974da3aded6c20132e5deec637421440e53359,435.82291075632173
26ccf96ef1de6d8676bf3267651ecfeae0fb9493,278.4263357
e91127a8554c36d7bc1e6a9d5a9ecfe96b285216,213.62011167892857
3208487e36582aa22a103583d2ac63c766aca1a4,147.8258624524886
b2e83691a8e240b99ae212eea4f3481119f0f697,19.49068970075072
5ff4ced80a4fae6654ff7b423fd5ba48fa094023,145.91442432969828
90fc00ee8b7d39be50d43e11592d59214fbeb704,33.62163302
1df963b3d540d35badcbf3958f021f4c840da4c5,234.0644331864994
d99f033e9e448415fdf637209773beb68db918d4,121.02366285470976
f45a343c921f20987a7a87953beea851509405aa,508.38217929858513
fd196d255a75d336afcb350c92545843d7ba9757,387.8611007050115
9b178f0ce126ca72df209de29e6b5b49236dc6a4,152.80630834021758
5c01b2966a87154f53b9718c8aa32e8c8ec8c436,351.0237383486543
8a53fa1a29bec52b1755b87bf287b5c08a0cc4ec,85.25418081888883
c142dc131919492588c31e1e803a04a4613bdcd9,162.56580735174234
61b7002e5c8fd8c4c368c834db8ae4dd5c785ede,148.1384256671546
f4ff0cf8f05cd41bad7f6f734c518f2404c7725a,160.95655648427277
25d33c0c5b34873586398df7c225e4ca44ad31fe,66.28384298
e313884702372122329dde96a3f85ad2ce2c6c59,386.8033999737256
66ff81e5acc5fad8a39604b55a6dace7a4322618,197.46510246850139
21987e464792266c79337d09279c93213ea499ab,89.43500595235196
8f91d5b0189a7625db655e9fdc00bd4f5b83f22c,157.9365635481865
504abe1db26bb46fb46ea7cff9ed18221feb6798,194.92438850010325
3dc47c31ad66fedb5e95d32f9d7e962747662815,563.6264157176777
530c3fde9670ccb834e877036422f072cffadb3d,94.01845048122163
70d8e6d5c4d3e10ac1d714bd1b50ceb80af2d896,37.18483070363138
afea0d1ba3b66650bcae0088ab31436472c07a6a,131.4044888042479
576d0a1a0612c27c99ac48d045a7b142c612def8,139.94303125198587
c3b87b4787e7c178e8bd6f84c6006ddc94c153dc,71.11245017060097
638fe76b18bac2774f3650b9516324f014c4ca4c,277.3856095541548
f6a7de4f155d53a6d4bdcb1c22b94f37b8edf5c1,89.99241384441021
7ba90f6e528c892f6ff6bd73d37d26ea3b451481,538.8672030010575
699ae17f4e9a62375d6457cdab08a2dcc023d6da,117.04173345340274
e9c4609ba199db1543d4f04d801f6f79eaa999d5,98.82708232802088
e4e969721d39cddfa579b1f806b6e8435da1f655,215.8524949563474
e1d0ff41eedf571c7e0a52982e0fd88814002f6d,211.8519423373276
dc4970a9a7f6b1b1be7074780fa94764676d5fff,183.60638481461675
bbf3743b9f6eaf5926e5be5498c17a700846b063,59.985862115943945
f7002117ef96e50fc22b0404cd72b5e495b3ac4d,88.06331451929952
7508430dc85b53c739a8e2906062c20e7c6723f4,657.0951378609026
6d3fc477390693adb11d4356e264530cb9abf094,610.3488709025492
3878f9fde721057d67ea77e33b2ddf1048c63a37,192.22206272862186
5bf0b3dc96dfddcdc76c0ac6ed4f29ab7407c3dc,406.82437188256404
bf2a844e439cc500f36068c3de810756612bbfcf,58.840553535627876
38891f76ea6a9c14cd3bf34a61849fc0c59fa9e0,552.1575673014415
e0ee227336f73412a96ff1d381bddaf231b53298,181.61232619435575
c03f64ce935ac1918ee28a90473d178e85f80cc8,114.58460785567891
5cf3c4deae2d997263abe44f58c1828845fb504d,134.15432502281598
2c0e9779db5f773f85515826ebeba69f38b7c6ec,104.62573404570318
7a869940ecb54255628a3ab4eb54d88cfd605984,69.56022984452582
1babe9b1e25a09ee72a0bdb0c329750abd43c950,162.76922931094535
6694f746d8beb752b45b675ecad73e051cb1dd66,440.87886484662084
ecd0883f549069d5a9ad09ec65c336a640ce44af,178.6524357120627
b9b6310bc17b1107269935131bd8948424456a74,522.1685279957073
7e8143bf283aeee4cc0b25e961aa71d77fa7f9a3,74.67482727523316
a79b259fac46581fe638ea9012ae5864f42bf657,649.1132986177411
e5cfadde577a818d031b0b8cc1ea654e64d31a4a,45.94747181276574
334ce413bd7e427449bd6118ebd6d8506e2c633e,32.8668053
788eb597e5c48dad59fd11c2e3bea241c2d2f768,103.23753116833652
86dbee76e085933462d0d1bcb3753dc2b31c71b6,70.36085018
5b2e83685fd90d0eb20c95dffa0a6946d348aeae,55.60276891187226
4b942210bb0f202df142e6c94390b855342bf89a,121.4264111151189
59b66e3b6a9f56d39c1e20ec6830afcb3dc48e7b,120.01330687866727
6d81d4c8e7a624f52d7ca1670278f9a9360c7701,500.7665528475407
e26d45301db142fa6d638d8107b4eb80f9cd9fb5,140.23470885441628
3a6d9db292d4f6c2f2eba69805e41a4a9fc943c7,81.00953571312057
fb00d0f62df7e9b3b2a12745896515f4f1fe27f2,171.6195138529675
4e0c1441681c0d6101c1c667a98eca93705f6bed,180.63170036215945
fba7d820b64daa672b0cce3b4898c6664aebc8e2,191.43962461258832
228730d290ac32adc634c863565498ba3e65315c,95.66933524111525
128f3d8f2092540735e1a741529518b8058d4758,150.73102378588047
6f93501da24ce3490fdfc0274c23dcd1e981931d,72.03570643
dd6c9bdedfa4c202e82a5c8f13beec54e8a883c9,302.6761311270561
35ee61646c04b642d8fb2cb054de9abe544e9341,160.56557591338256
172d3d7aaddec54f454d934151380634c1d654fb,75.63948561791736
cc1f15c9afeed7ed9f25253d1bb72978d598ce24,85.83391684415025
e3989cde4aae81ad0947a04c78b1b945fc910b72,38.44916273355136
fe13b1b0ff9b8a5fbba957c84c808e78024873c2,321.2176206691938
02f6027c5ee1a7694e5786b8a241cd162aeaefb9,192.01446215099202
c11bd26b9ee10f412dd5e37627e36619a3d8ac3f,169.85139198027508
8bd7aca31aca3f9dea95888e3c5585ce9ca573f2,341.43048795502807
c15f054f57ed3ffcb6cc9c99fcca23ae286de2a7,164.03295191570007
ae4c097ec1b82467f39a289508fa1e2182a46e70,678.6187158522744
492de788f10fbc34b985c762184850aed9acc2bc,93.09718807999157
1fb28f21cef40755e2a212961ff20f84a625c889,97.06414463795431
5130760a30dea638058efc0626c8e92c0370334a,360.9200372026014
ca70f3adc579187aaae466e747a3cd8f9f9978ab,110.93334165962459
8b847c6cb9fc841f2314908c5661b0e0cce6a354,152.79671196459378
d24840465f8719cd1dfd9cd7c56ae2a1bdfe3299,271.62382245799523
61f0abb6b23aa376a435e7c24ea262b8ef4fbe53,322.91186203640245
4a1b56a89821e61940d740d12c64a5de44e55f41,140.92431235066636
070186574f8d62fdcc376fcdf3ffedb4e0bc0180,443.2714276002576
c3bfe278d53da235a6c18c9aaf50af6833e7160a,310.75484863757697
12247d6cbcc4925adc0c67a04fff4b9991171894,352.2568016
7ab19f57104e23f4a0030c5cfbdc8a9f9e40c82e,169.97480363389502
c5b613084af8b64c8922bb2df990af914b882a07,149.15909859203174
4fbf9ffac9fb0ef6c75292f040d9c867b6509522,219.23879694595166
f1423a5128293dcef8634ed1b0255d5ca6ec49b7,492.7425329275644
ee5927049edebefed034b5678fbb60678d8ad93c,185.51450110173369
b5ed9d3854296cf9fc30c5751db3581e6f44df1b,218.0223595371665
6b3e4ef523bb2eb705557d97b5fa6736f967c36f,365.5391891
ebe735616b1781f94137c67c7d304d4d46b3bf23,157.1835983
a3551f5683e9b45f415f5213c382fe055539621d,119.98559921732155
39557a0c1efb5d8ed93d8055a6acd74c822ffc4e,351.0401201361128
cecd3c91e652f2ec5b14dc445fc26b24794871e3,617.4947173385572
2f66aa2df3bb3f2142419b813e1a63055b25bbd3,229.0970068158835
c33f8c516f30cfd1a8e6888835b365a1cbb31023,132.6300203554102
6adf369a930de51832dbe9a12721fbc748162d3a,131.46274580139246
990278b36b8614dcb6b7974b26da63dc286938dc,182.37889663293242
f2e2aeca7021a1f15c51eae499bd483fad713eaa,576.5184237639035
20880521c2c15f79ab9728bd4e144add7bbedfd4,536.1993421956031
900b53b39ef087527d021088c8fa3e05025275ab,61.50978523
df51dbc2d285f73658455573ee71736905de5db2,311.6868686352399
f32823328db49137389a1d19d0fcfdf8ff3186d0,214.99937867667876
dccadfc94c7f794204ab2e615714265c4e33f704,141.11419524596178
90365eac1c4eedadb3fa7d296310b5655153b996,65.07932070519787
b71b94d1ad8af586c66f4982ddfb84e66edb9381,97.91086877255812
28769a4318dde26fa5646e2c529e945efba8ce5a,67.26156763729877
1adb7834fe67fe8546a7ac8149062686252089f9,368.6628085073237
35dba25a879c2664e6573a99adc5c180b11e574c,273.5025216699225
24c75fe780af78a4acf2ab07e13e571b30101251,439.5940511566099
384fa0cceb5a2708535d0ab6a69307779176a6cf,2.8452488909991303
b4e4563c13e5eb6e44559137b584f85f510a15db,74.50753035
d7e45de0c719e476d9974304b7b7bbcace8ed4f7,93.46639969
9db9f57f1c43b97b2992487e0571c89d726e76d0,230.4441149640004
b3639a58be5e5ba74f462b1ddb80efc8e7a70400,214.64176429797675
cb2fef9c6b10531d42f8c1c4505dec1f02bac32d,426.9973797009926
d9ab39eaa698be235d8023114a8476aaa7f45278,114.92693727240393
f155ce65b367666db95f0c9b1c27ebe0605bf6c4,407.48083921626335
c2d5cd6534e07fa60be2c62f486d388ab1b4a510,497.39717558304693
ac4e189eb2de21f080213b5553f642a46f8a92a4,103.84659435175011
a1a739abf8c2e0b800c45209bd433cc630c5cba6,117.72741550003829
35ac892926cc593e5859e2dc743c776562ca312f,116.92094819364256
f169028423937dadc0c6fc19ee3867f181e518fb,160.38613110290942
c1e763388cced9f7919c4a32a1f69270acbdeba7,554.8039844015498
a09a8f90196e47a60ee185a500eda371f8549b2e,107.42243061734753
102be786b501ac586b0919515e7707ff61c84bf4,155.39442828117643
a3319fb6f26cd7f073d9dd2ee61fe7c463696a5e,333.4403872054227
e526486e637178a026eaf3cdd285d74da19c468c,239.1997816592906
210e8eb72fd863044b7e911862dfe01a35d6f18f,44.54438074393431
4cb747052eb96c4a0a1fa95bf4accdb22da837d5,265.8661041585822
023cd60cff806f62cfd885a9b18e6da8135e3272,181.2380765239596
f1e457b5b5865dd7bbcbe0a933632dec59c0f61c,292.91255244080116
b79fda68e6cf4543206fe62ccec8fa72de488635,377.1439658786669
66f52416a372e06cd2f186a118cbcb8c0def899f,173.88333657726133
159571b5ad5a2db21a7b7002665046923b3b6e82,152.98306904093184
be5d3f4dc7d957f41ff2c09089f5e3425ec20339,40.010542033579696
c8705dd3e5f5bce88f756219fa637cfb240e566f,210.80373248969997
3d23508828119cb2cf632c8294e2a42318c11bf0,330.4334022433512
aead3aff7037961e6558847652bbc1591f64110f,122.4396237778559
92b39f1799425a345e062289fe6ff65945d0406d,338.5526987944594
823ef8ab49429d54aea814bd4302492b0a5365a6,503.7367910575874
831f5978323fb00573d8cbd0f3e90dd10a59bab3,76.03482492646299
e9f85b702620d55fde91b5f609a8dcac6d543564,158.46845506274323
fa53216f8212cb607a6129cb4ebc0b668a680b8f,17.639320870824037
3ffca17a704b2bdd7b912cacb3c528f5a627fbad,108.90207300207949
0b7e91b73e8e3ce2c1aa8d74416e37aa24d45b60,36.789114455549935
785dba303bf069fa9a9e193799280dbb9a9d4580,137.1976850092986
7eac8963d63f1d89b21fde89c94e2893ebcacafa,60.16222131010805
8869aa36a4bc122f6e2237f7a80cf0aff39339d9,209.8966265816002
0ccd75c2dec845fc1e7d183bebc9abab37c63d51,368.3270718353199
bc301574248628ab3342c10680311800d075b607,156.09509190797638
9d1d3eb706cc040e7b2b4399ae24a0ab37d64484,148.9505653505159
82403a7134c9abc780cee2b9806bea6095b5277d,189.03590914107716
7225bf582939c600aa52453cbb20e88ea4d18381,146.9481554369459
994eaad8cdcac92c2373796cd90193ddac566c18,529.8668527644365
cf55b826be3f9ff5b2d5e520ee6614fef8df01f3,665.2257591305215
34db29c6c5dba776c3229d6fd6421da5634440a6,39.551558550907174
9a1d0691f34a0c9c1899f3c29af36638cc7a8af6,200.76535050386647
a179f0ff3993e330461d42b82a4341dc8352ef3d,550.1317520232183
938e5bb30e5800a70dc405415d8f3f58eb11580d,147.06288988169166
e51d89ee0934f89daa4e710d6d058e50cf6d6a82,114.35341446286033
ac724d2c4f528f54694485ea13fcd9bbb0db5ed0,51.79892704591924
9ece65ea906adac0b28480d54c8002d9c355f3ed,162.10721215593986
309a1f01f20d5291c0ecd0a7cdfa6c248ea61dcf,285.1706744760085
c495dc66c50e7a713782349d5c7aef0b63850a4d,256.2016488713293
d4ff01fbe86049d693f73ddae1860204e899a153,274.4867702920616
22804a13acbb1a4045016bb6efcfdc4ea92a0483,504.9801955103492
d0b04d5560dd66f62ab0237e464de9bc15bb13a2,157.9392641162158
84aac2aec4fcffded30577384d92145d99fc51d6,189.65988657239566
fce5b0d7bb7b7bf983f18c1cab18d5e96f6ff024,141.6914187
6703c9c8fdcff642e98e219b8e54b3bc1f3f11d4,381.2575711644305
7ed1966647fc7239eda03abc53f9502d458f0db1,148.1701478685657
72713826853c909247a70ea8105fa14afb1eac31,165.84895108364725
8aa9e1d68032a79c4081bd1a45ef0ec2a654f7d8,513.9988178684118
0e83bafabb77ec13c356db364be8cea1d55afcfe,247.1669561246478
c7764f04723365202062787557ef0b2013a49725,209.81699298180538
cb8431b527d113c771bb114629f75afcd3d075c0,274.4820850404062
deba05f1475df7572c009fcd78352607e0261e02,528.6592317579981
0fea51e726b4331c7feee982dbfccf81ecd13b45,272.91171843634606
daa3aaa2e8a74038f063a7271f8f5313a3ffa549,561.2612791611205
be7f0ff8013f5b20f0a0506744e7111efe58dfff,236.94289254588023
2363320c6a71e72c7fe03707ee17003cde293670,304.8700816786031
1bc75725f067aa7ab03a8352212c8e5fd4351038,311.3000947548511
90f44637ec9f3cc6c1e0b5459faa809fc9bdafc2,326.26474994749975
3357488d4771f0c815e0d61df19e152f9e389a03,442.6807860837753
9920dccea1bf96b7fd54eaf4c4da770cfa06bb11,142.9032361710794
37fdd1d6ca7e624d26b401cae064fcba21a8d80d,127.18888777404285
34294c5b512043e6f7ad920382ed06035f0982b8,533.3746405234816
15c031ae969e2fad5ae5d52bf2ef2c357da8e78e,174.97853879367528
7884ea053ee1a638cd6fa91c1f322f4dc0ca271d,197.34795091885675
17922e663e4a55711428dc4599e10d8bf78f1748,169.08019092620785
ceb4badc662bc3e27366fb9421912e2c20a1887a,164.92587114138107
72785dd5a3182782bf0c02ef69bb5b776fa438b9,210.14409103766292
9796941558f36b8aa6fb6ddac8dbf46df6266990,257.26869667565705
8409ad37278a80cc08b0efc4ab62971a072fb03b,94.14283983964046
561032e5f44b2d53d2620fc2cc67458b53c5c2bc,239.3976654309998
4be0e45ba7969bcad788c1410dec531270067842,378.72190547253035
acfafb3a527acf0793a48daf0a4776fc02688540,259.2721364144207
2876d7ae8d3417853e218ecad2bbb6677dec3114,323.31282798037415
cf28eefee29e95adc5607c10aee2a11900cc80ad,90.27873666614539
0c4f445f2fdffde759e980128f97f1ff82acab07,218.59423207786782
112e9c31b28d12e1a7d852612ee49697bac8d49c,151.0507503
22b369938f5234b6b5e821501aefe3e53de07b81,277.7259890677003
f6aa4ab730d02f7295d3c4182ad191b5f92da4c1,169.89226474782646
7b820bac99307b0a58773bc16dda0b51fd8a1268,248.03347088790946
4d51bd8495cf76a9e4bf42cd3d27b9901a5563ef,215.88398272134958
c5cdb7dc2ab3cb6e2c84e349c9f39a995dc322a8,245.67675168936736
9f799103002362dacde5a3a72b725b09e269e34a,181.46839916524223
716d6f2aaed3e620c6c5b714bfb99d57fe545ffd,592.4241199407061
2f1d4ce7cc99807afd0887a8c9726ae646c6ed1a,161.07865257909526
0b7ac2052237fe7518844407df4c965305fae3a9,248.93252998957234
4aeb996405613d45c184bc323f0fa562b0df0027,0
e3efac74bcdb9764bb40c4007c5f87333d35a402,276.8390021819089
7cd54f74db7018fdd91925f57824cf4992aefa44,219.93467969720817
ed84950a812aeacbea957a14cbb4164f485921b5,176.33053643403875
12028005df07089e40044426d9183bdc4e87f5f7,86.86618436257811
e00e77dbba2cb730b923a4150824f5bd936b71de,160.07729277186903
c06d6d155e6af5b58b8d4332ebed7fd290783757,149.93877522234283
34505025fb4406cbedcee444836fa9324d7ee574,640.3103140200125
02704f6c055abbf858edfd3d220970ef99cb2212,421.11896316886725
9b04f93db5f5a3754eb397912a06ee1eb882a3a0,305.11067539497884
6f6072a62e0fe217b68dcc5224ebb53e1720b3d0,302.5558103
d84dfc1a33954285d578b48ac753fd3eb70dc3f9,147.51962933145654
0299c3256bc3f426c395bc950feecb5231525128,120.81801502598198
165fd9b7358e92833b4563e3588f3aa3076f823c,189.9497263239513
b5f2346c7c507eb71507e93b9202b6c332a72386,282.5833850705078
7d79b3a7f13a8d4769b21aef0e5a1527f70d0b36,128.9268041281153
ab71dcf08d90060a014826727a8caf6458706627,198.5282610560733
bacc3c84803b819304c57688dfb61c94cce8ceb7,269.12773785814375
1135f07053712b4212356258dd930c6e57fd16a5,228.25442517974005
29be0196e90ec2730c66e14d9db7f44d9dc832a7,139.10151319215944
74877ed1ee85fc60a019745c54752f90c7634ef4,499.00829698948274
3c7660be5e64c9406cfbc783d943d39ebfd06b1b,242.28502172736435
80fe2c6a392ae1a7535192e20c7d47b4cc05a24a,120.45205569294518
1eaf53ecde913f50c781de846d6777a1880f74d0,140.9348508595876
01b9d70c4ec72b8a0f733bdf6bc47df596617dfd,194.03060589471494
83a048f4a13d71b9d566b1e9da9108bf272a62e9,431.6177740984358
79b80b1da9e97abefd52404c09bc7208276a309f,205.29339324715863
b4746581a84b0340ebf9779e23296949514bffe4,212.09971131321734
c093e94c4a0e11a5dc388bf65cf8f9fd3a7365a4,138.1253100389004
62f390657175b0afc42fade8260485ae5e5fda50,234.5773082608622
3393e95db74ffee588b4461617fe3c57477cbe79,226.35069982120555
7695d350b8d34fbda2e2b035eeb35e2d919b17b7,220.5012629546541
ed3e44cf8825bd6bd8e245ae32296bff5984aa48,258.6850969116867
d9b6cf8788d13cd8238f4ab94b07fbd08b177231,296.4020130456378
6349b9a0890e67faa08934aa4a5e516352453722,195.74641404255124
4c0a6c143683bdb46a4d0e54c12d92d04837b094,150.62149225536342
1080594ff37daba6840bed3cee5a87435bf7aaf3,205.23322238556605
1039ef0b36a4d7d4c2e9b7b6c2084b3cf99c11dc,302.1600113388391
d6ea7ec203add98262fecc6989c0dd54da23e7be,77.31256294789175
b236d0b1a773f693cafff9d629b8c7bf426ef094,156.45170592797152
1d740c776101050cefeca93cd8dda4e6b9e7cbc2,275.41175229351654
45be69e7dbc2d4b228aeb07ec08590cfdc6ff091,211.14112469125703
62eb5667ed84a45a7f88df769656fa1fd20f3910,238.44523983612228
cd1bf71ebbf54e7df656e803ed25f19d3fdb16d8,422.0926221465005
5a59c785f420f8d4d21aca01c648f20237e26865,178.11207303009834
86eea80678fa86ded9f82ddee11e168abbb059f7,350.2349473550393
be27b2f01fac259645482c73aa2cdedaf8a5e490,21.324866049944717
c7bc0f6b0b2895c5de250976d07fae51957a2335,255.9191170650835
10fedf67aa649b50c9974dd8fdfef7a128e5adc3,226.73053598808087
25b8003df2b0100006c7aea0b8729e07bb9d5a5d,228.4694868527033
317b8adeeb12274671964b67dd3bdaf398a776f7,77.78323724
831dd08bcf173f87d725e687efe4af29eed01d8a,200.14749059527713
41afbb8823e64401a71aaf7b194f53a9a9b0dee8,389.81461012011135
4d7401674f98609d7ca85e20fa15ea13b68033c1,195.76569584359277
0dcbca4048ffd0585754a1552531af9861cd28e8,176.5164906
3d65b1ac983ce90ff1f21f56b627883affc7dad1,282.48101511827167
c1a74097ee56f5a547a20b2fafd43fb2c947c721,243.9100768636617
57ed72fa5129e91aaf45fc261c297eb2ee3c6168,235.69394570022922
68b4b7211f012921be293ec10a5b2e400babf9f9,260.7321765033591
c2763fb4768cc867f4db3d31c3ef970bbc178dad,305.1604571906905
f8f1873903bbc7192c61739437c768d39b5bbf50,557.9456535174141
c13f95db5afb341104954184f96f12e5521956dd,342.6234782890489
a8a63f0cf7287b7c95fde6c235ba835a94ae4f42,250.66218510975247
a81078aaee30c1703774a959d43e291fafd547c6,189.49328381181826
33d6d01286ab9b0c598290b753236b9454c28cd4,205.61272919757104
9972967ba4d26cf7280f1b79aaae47d80db9aa82,207.8211043096694
bcfe3b7e6b498b243aa5c5ddcb81d57e0176d976,214.2333593609116
6efd5afb47ce031047a04a267397cf19941cbbc9,108.80939513867666
ab8194b8601c80f1023c09fd6111d5e07559af5f,571.0989773164865
ddbdd3d3646ed154da0f3553575f5f7d7284e748,216.22111835751286
5cfc5b2e57541cef91d8a828f09574e9824a2f30,335.6072274028938
19048804f1bc12046bf0b1466ee08a425ec35d49,26.818590591189405
867fd26dcadcfa02afbb979b0a0d95f842629e5b,214.5455495897196
518bf6df27af8bd8564af654262b56d28a34bfd4,165.37400902090792
f675b57f29ae4fbd1bb925856f608dc46c4ffca7,213.58327372938385
c4a3a37c4ce2cb23f36183ae3c605b6362b6b173,102.04290222984697
a7677072d50ce8758e7984df02b7c086581c7c0f,198.2138671849571
227278769ed44d180d373e42bce38bc84d374030,414.4459416482302
148f176b02dce29b83edb4320503dc4d23955f9c,586.3406225662466
14d00d163975511bef53cfad9a0e9396965618fb,413.99224619433505
d27d5888dd9e08426f09e300c54f6a8987e2764e,135.47893353859695
5a7b74f3fe9a042847ad03a0d45702dae2dac133,162.2958058451704
b3ada2a440fd2cf4439c9fe385b6ae465106b5b9,430.9416132683292
b0eb10e7e18f9ab34c87a2e6468f11fb2cc16f69,446.802849
5b740a56489fb4d760c0586db33f0db04c04631b,267.6078673142681
b35b8887b05af2a7939eed185a0cda2eefce3be0,243.5433948738457
90c2f6e1a2df1796abe8d2ff25e1e6004425c853,210.4390650899084
636e7ed10c3803e3303a441c05c8ba6721778e3c,223.86250791045637
e4252419cae20a16d2962beb0474177843fe85ab,466.18234083817987
bf9d8e5bb95edd83b3afe849a93622a7de57492a,446.0285270399791
f8b0239fce27c1311c3b48af9405ddf5abbe8de9,196.08393827146574
42a91743f84132f1bc7884c2a507c1eb66239a1e,442.18895774544774
d07f81a56dd9e7362f7a243e018aaaf316eb7edd,576.2983070732907
d76343ee3f53822094953cf05d53c45e7ffa2a30,497.50367133452477
d636652206acb1f885b4b81be07fb45c1a2cd856,217.00546670131388
116aec26be3439b07bbd475b06f5aaee96216044,218.36321720373508
86109ea6366c07fa53a83ede66113199f7b0f80a,375.2018967962084
6d379c9daa561b18425290480873fd9b17a90610,655.9888150083814
1fa87945c3ee6516a00ae1d7003df4789de36661,502.68502105079125
d81b103a1486d0343984f7670a770148ffcbabb2,375.86447864135687
2acf5e9ceb8ce9a5cadb881644fbbad57a194b3f,656.9094649694712
5480ec69eee0fcc62fe90dd57f8945867b4d1a8a,408.1338113095337
d50277d1d42b13622de20f0b0ad645e3581fb382,234.98265428169805
367508fc60faed765f5f0d219059f9171ef18067,183.92790241227954
02bb069b777c03d0c54f558342343bebeed3b402,423.9135768866885
aabf3e39315d7cd1df39df4ac9bd3c8b3dbf863d,359.9671449826801
d4042704e76613cb259ac13d7db3fb4d0eeabfcf,44.43605260556299
a6da60464d65325db2790e3249d7e40808b10134,63.48980303766234
9a1f22fde2e9d6e42948fb6776e9dc807aa9e7ad,236.5643114684069
0014c193005b425aaad55358686fb0dd1a4a0755,132.03795133812326
356907afc7d8f8f995d40a6cce9e494dc34ecfd4,250.7128393271764
5695f0a3a684e4339cbfd6756eb24afe5df4ce12,555.8606963920658
3faa4e4fae31dccec5c3d3d612a6d16b19e44ff8,376.6593209567476
96174218b30a843dc7df8cc053890b96e83ca9b9,64.09533663100606
020e1c97d88916739bc1c2276a6ef8e91447443f,172.84323308803351
b6a6add81b3c0c558430e20f668a39790058918d,300.2688591299914
60308e9289e878691298865736811bd8d58c78fa,274.2801069525216
93123491a7701d0fef837ee5c438e5326285427e,271.2774038605495
ad47930a680553ceaf66aa09cd1f54eb49131534,189.61222683905308
3fbcc798622c02b8961bcf6881d1cbf566ba39e4,142.56893397425534
d4d2843be8884713e49ec5053168de0bd7205b1c,723.4729025557835
26b016cf8e8536053cd109aa8e1502db6d46478f,66.91218214607443
1197ad8826628a3b6a30dce1a669fec173342b7b,15.612131159048827
92eb85330143dabdef25eb574579317b17f58c66,128.1836004668267
5380254a90e93dae0e3671bab6fbc60933b14b7a,289.0387569212844
3ae876324a3432f10debb6edc8a6a24f232fe021,468.4035591639662
3bcd91bdf3c41a284bc3690c01c3f23467f1742e,130.42152328172034
53a6f179986e50fc6b1a20a75a94ba892239de43,442.2163046669692
e3218f4c7025fc51b38f6c3bdad3712407852229,93.52076644131134
d73d1f703384b5c7209c35101af77b4642bf7454,376.81535783011975
e0e1f107a95934a3912271c175a205f63fde88c9,461.68809434082107
ea9202974652e55e75b22a3a1cf86742587eb368,81.48563186453245
fad331a3643e0f975f041aa16e18b72a99417688,200.0607140177192
cdbe923458653286958dc31c6749197bd4cf6eac,354.92865963979204
03ac692fdfbfcfc804c4f741888f8b004dbbd896,133.50432070854112
ba3b4d054745187f4783166f76a451c18714cf96,160.32006829224267
612acb850adeba8fa12e2e4dbedfba6ad99fb19f,312.36527629408226
a60ee7a51235ffd74aad60511c621cd61a07dc65,486.0659294232181
5038a2ee954c9921b38840df1fbbc26813ecd822,333.3115661782243
c33798503f884f79588b045ca6b8d93aa26923d8,125.23477904795324
b6961328212704f571844134b57eb766396c2765,369.42005626615605
bfc852b3c9cea4e2371dec5a991ea966565ed51d,57.206741574363264
59e1bd0a1e1f7b7c1ef501721434b82efdcbfcfe,146.97154824201115
c1efb8c56121f7c7dc9940f9ad3a76da3ba61072,472.99812026993936
f87b2fecda13f6b91d12944c321c1806e31aee73,248.95690202552268
25d492f82219a3acdde6d8b08201ba02ba3ff3a6,255.1246890123383
b2666f572da8aa3626c31b495ee97f7905a903d4,62.27686202715128
6a6c94ae4a02d74c296899148cc71d576ad5390a,255.0703587075002
1d3d89fdc9b6fdf610be289823dd2fdddcb44a71,246.6048903643016
94031e55e26ae3374eedd6291d8c2fb31b4db61f,340.6606730281228
9059a5a840a42c6451c38c4e4f175157c3776499,273.6128353038398
38baed314b29d36496058f04abb8f92c375ce168,210.36589797885105
1b54a2e894a34ca35ca4a39fe9da17087c7d42ed,147.96113621414457
46c7ce33e78264b2373438ed1f49a64c12d4e273,266.4338692
435f6167de485e517d74029d9cdae4a2049ad97e,622.5340152843131
4067352dd7de59eec33385ed2ad228ab65f2f6f9,0
b56dc9f71a1fdb5d34b826d29f39ceef950b2e64,115.0136949
3be1745fd89859fee2e422cf05bb127a68f5cf00,116.89495953822338
c1f10dfec44e7de9225883f9137cc2e65a90b7d1,205.8435998
031430dc518164c6d1cb405740f96f9385674ba0,443.8217740569685
514eeb6e6c17085fc1adabf03f1adca32318411f,676.8648156288916
d38c4d7f18ca8a6aba90b3f81b2863d8ae3c84eb,427.8547745699535
d52a743074d439c04c9d3226d352e93e8250c7a0,3.6739703923252014
238fe9ce798e7a9cae523d2506857333ac10f7bb,447.1704621029743
9f0206bf0b19396411a36c413ed75a0a5d1d9abe,258.90770511793573
4f6c643961e8df8f6d76d136b13ba2674b158140,89.92588324696911
bb4b4ea98775420ac9e6b12fa25d54b33af99a38,237.46092809030785
d8ec71356bb5df1cf8fec800e6886aaaf9911510,545.0896432855202
80f734d807768cfbfb215d8f9ac5caf20991033a,412.2941448222432
750c81e420c154073dac06495b619ec4974d4add,458.8907231761625
050c1dab2befebe73b385a13ca7d7bca764b20ca,103.66449663468708
b33a86374eb5b230a1c81bc1dd0e92dc86c87cd2,106.3663286153446
7451bb61548adc7de276059b5a577fb05329b931,282.5068896661501
c7d8f7968457b20270b902a722e6228930883164,35.26100561302965
20c0d7fd0fb4221c2aeb59118b16753e1f723b09,0
24fa12505cdc29d6c15f5e6c08e00f1c42e4373f,390.9967477691382
252261d8a50cbdec92f59e33a2fa709dff5ccb32,549.1731539281095
0dd87d3394b8e4828b192487a4d747744bc39cf4,413.23329264161407
afdd2d59d3b9ffcdbb589f38b24ccbc6ec4f5423,415.8126606
a362813a343a35045066d9f3b54337164f71bf24,85.44069456637553
eca3dc252aac948649a6705643262093beb26336,148.15585036238076
cd008120919654d8408cbea3cf6b8908bf57dd02,143.82045714914705
ce1fd92debc42d1cb9a81753f75e6ce9263f881f,0
acb8fb88563f556896704e7c130bcc4f9119978e,383.6568449361515
f897964ed612278cfbef65aaa4a713f5e747d7ed,294.0709323869364
ef9ea00c3c9cfed6a3fa526bc311bdf8e847eaf8,74.93065226453643
8c90f794369f465ee58444ff53b647da2dcc4d69,278.4461395878999
d40be3d413f7ba4d34abacb4140985bc93d4748b,699.8729488992822
193490e2a59b813602a40b72510dfc4da0f67743,335.86084470386027
ed725965760ec8e92fe31753b3e7d1811ae03d2d,1.143799715409216
1dd81477d26cc96cf04cbe21ee082afdfb452b47,226.98069682451677
0fa22d499a0f8fcd14dd29eefc42c0c1baf25ef5,194.84781589220285
61aba2e07f09ebd0e728f4c24c33e512d1ff1452,374.1760796207332
78854553f9b7cfd514c3d57624b3b122a269da35,307.7150622696189
8834d134e135e1ea1915b5d3733e30232e3b9d09,402.9759415
cf3b5632732bf79c9b78676d20ebb3b7973445fd,262.2362490387844
e25200fdf361a66a4d653ead79b0980782599d9f,211.1145779807456
ce5e4142cf38bfe644f7b5ccc309033273cfe961,117.90180386063705
a9e0f366a5368bbf1833182a1b7648e48f0e66eb,0
a772e9dc1c79afe8680f3d6ba2c5b611dcd8390d,293.80844817523626
121048ecdf300d2ec18b79f9632d2e0e4ecb925e,258.9872501558079
691879748d5b77908900022e7cf1736ee048958e,460.5706586505803
60d2bfeff46813f4c3274c522d417b776aef453d,124.4144202633431
b7609fb0febcebfbb70a23fa2a2d57135c168036,400.8630253942733
ff6a1ab20dddd786a6d449658d8efdfe075cc3f2,82.72119243466636
58a09d2fd50dcb07e52d71bf16a2169077f52f4b,247.3612540574419
83b0284261e2bda954f2c6b2dc67c2a5e4f3c127,230.41871866563085
b135b247f1afd053b201fc7c434493408c5dcf69,268.8451828495016
e423014380b814100b4b3c96c21a61a98c149397,294.0859958735229
7fe97fbb484e94e5f2cc6de69848bc3f5c393922,486.14231383732096
5cc6c32171332ff0d9e394ee52679548afd7c65a,58.78616804
77f57d6df721aac3eae5ac72bb381cf02486cbe0,313.6019451278182
d07a10305d2dcb8e35c7950b820a899da0ce97c8,212.57550439820804
f1bb26b57f354018a128ef2d454382c4cd65960d,326.8152416296793
5723b8ea1f97a07a6afb874195c38c70005e989b,504.4309166282175
3af6bd02e5b64be84236cf5a8f25950a26a2848d,224.28624673356336
8290ab2133e0724dfa4c029c8fccc4e082eeab6d,186.14899800400093
605b2ec4efc3dfcc28ceef454bf76c5d7a33bfd9,364.6763596620334
f48dd56e652f36100c831b14c7761c94e2a097b0,83.4555781
43cb873d92f0918ee5fe6cb1e6be8a4f48a2090c,35.45483637781837
a262ec79e3b889c625f9afb5b5d29bd2cb43b737,33.63001793305881
2cfe0e74d121786e16b71dee10c362c40c23c337,305.00592553225465
f8adce2d7df9a4417b85cf9a745b837a17aca532,259.5614219649307
875be6a8f72ffd17b4c0eecc36f80c8abe19913d,515.8295840937868
5b6b35fcf313a1e12256b4632795a01cd832bd2c,587.5706929037508
a005eb90265f5f1aab9e88a48ec4d05f1568afea,233.86392057374445
039b39385faa43693cf102b50f9495344b15b285,384.5101822411695
6362c15e784c4a3ddc1f284873cb6c3d67237349,206.59446335521525
37bfaeb9268f9389dfa6157b48b8c7b1a3e2b170,528.4724046895226
07bf5f8d6cfdbe80de149203c913ffd26de27de9,300.7272290918928
ea68a8dfc2af432fa9995659df2e1bc3b3c0415c,79.49892277725021
0c51c48964727db5e319dc9e422da3e548ce0bc3,406.5601510875984
73be4f76c2bec88740f90212ac33d9ca13899275,276.61579753221133
e9be24005794e6057fc482ec31d0d2bc21e98ed4,578.8635847690848
56a848a24f3596acc04a37fc1fe6031c115f9e39,356.3708170127708
436e222f0e3205837a6a232f9810fae9d2bc1d0a,199.4737313210944
00fb2414b8f5bcdec5e0398176d9c76747645772,203.89290756448997
4b180cf315532f6245d8bb08038a36261a6d5885,338.37139861574946
f37bc44d1983a18431f0e7fd58c013d0b7a638c5,52.31844930003018
0250bb29dfa83e5e2d855c2f18d826b57cde4191,547.4486390132141
73b4d0c624c772c7969d5df019766bb774bf4f9b,517.3559349281848
ead848c2ee50c496b0d7d67f726abc9c5aed3207,132.70889988534057
f695cd7b75d02a7f147aca5cd794c63b33107ca7,279.96799513958484
29df9634e71f12ec4754b370e647db4bdfedd12b,546.2957146913882
a12dfc1f655a970791e299576b3149268d46992c,430.6929095439915
19a9cdf36a658385d6e860ca2237745d7b20e25e,431.595822
35356970180d7c585b23f342d80e3231418a86ce,458.2773641267037
465d7544b40a77026e92ce7fee2414f25e4ae460,355.4635787375724
40a522d51351c9d684b2ce31c3b594204f79ea8f,262.6364394057678
725357e7f2e42cfc4f08591df5caa9bcf5ff6280,157.94855831341076
674d8bf718327b8290f85890e3db039ea758349c,474.2386680296776
1a235d57e26b0ed8dfee64621fb6775bca2a7eda,291.8617946120564
68905fe6a5ad781722cb9592664b7bd3b308a35d,221.36799360547263
79ae84f001d7d14f78615e97cb3785e112caae49,141.84661419628435
fa9c99ce9acb5fd5971e8fb834d745a33b714f76,547.0447768143935
0ad2e5cf1e052b219e6b8b806a56a9eb96cb29be,578.0588037898867
65650865231fe4b5109842633b6b3889d78251b5,653.6514768625634
04f9c2f30346853e09f3678562b61e8957eef0aa,668.9684165081744
91ab8ec137cd8cbd6baf9ee89fc9aeb62ded3da7,534.5499787159192
63e643214fd5235430aac8531d5ff8efdd7ec28b,353.2851155072018
01aa9f48c9a636dfb01e4e66a4f3ce742f908e4a,249.4029414877092
b4246bd7233f08e749626eb0b7647d295f2e37b7,706.7645008253627
eaa13ab7ddce28c31510e5eb5191bcaa76de7af4,322.6253972123863
ceeeda3bde736c0c656b03be05b4583f1daaf664,665.2627066152029
2118e015319a79ccd323497bfc0eb78439491367,271.4233400052032
714ffc00a69373619fceb2807b39c16cb3e7a917,333.42615474359485
dd560af41b5afd600e2d3bf5586656b0f358c384,233.2196389095699
508fdc457b08886c9e7fc71c366a785a26a70fc2,148.8550404240224
726f300105ad69d160d0835fbbaaa4dabd7d7d39,389.5229414604488
786672c08d33f1282d91da2df59542edc3219d39,577.8721068246582
7ea557c127e6a4df423fe65230e6eec83ad76cfa,242.71028008006687
4e5fb2c29850b50ffaa5ff7ade7780e43a916007,185.43954502606837
d18578b6741fea39f0922df69f56c19f2bd69c1c,526.6191966230565
31124d5ebc4f33645d00953e45c18e4dbf79294f,559.4638861206868
b8ef1de941498a52fd463411f09b22dfe580d92f,397.9081080919976
9d273c21e5938995493330a41bca1490d1216a28,297.45251074793225
adaf6b76ab504ed185c2d0571f6899784407a344,547.8503952925093
7667f17f281e6cebf0bd315bbe45d0989286fdf0,317.6681830969213
fa024bd05ae46a00b122ece10199c6cb2b0efbfe,517.9482540338934
8d2046fcc57abbb3c26c8f35be215bb61d0df58b,696.9983066006951
10a4db5c6bf3b4f13c48ad7b40019d5b072331ff,237.741572
a1da4de2954e5c911e9ff85b2361be2430721882,502.8829710165215
45cd5ba215dafce9685a08b0864405b66d9c03dc,517.0531481060801
f3c630ebe41ac25d09598aa8d2038cccc4868f93,446.6665677259351
1eb669cced8461ecdf53da0ff3eb4bcb04ae1a3f,176.95187869590092
f79cf1f3d100e5f34d86ce2cd4c8c35ca3daee77,520.6554013182047
8c73f6cd68b778eafe43675872c8fb1990a7505b,506.0932332434106
cfb77e4ebc7045cf47eaaadcb12ec0ad4a986e35,419.54634826238834
58b9fee780d57f9991464d4c9e1b9b9d5f5bb791,513.9202324054861
5d7f81cbee45d8cfca23e7c372cbe0d94c5fd4e7,450.49309149432406
c4ab8f9643f3531288890b9b0e3e78b8e1a813d2,468.4486565937302
9f3083a9163c554b4819ad6a16aa66c05dcd23e3,213.4912797328096
de5a4ae1b41cebebabfba8b0ed4ff7fd55ea6078,327.5256239323984
a3ef4621bad2179060c871a3bd87344f645d5bef,435.0966747877991
d0f634c0a8770d9793416c260ba7e457bd977057,262.6175722379757
53dfe414229803162d14787d30fbf47a1b5e46ea,297.7122882061665
b0c52bd50d2f39a827d327d14ec0ddcde23f2b3e,575.9405659369644
c4db34402ba417ae6cc0cf8eca1c05a59b5940bf,304.3591206559195
9c4413851a0f4ec032f2262e2734e464372d8661,241.86086823347316
8d8e84cd258ba3184b3ffa45b5a15c2ba38bea51,276.2302824391985
d9fc19bc3e10422075de45e7607d510092c6d028,611.1800666018039
92d40aa16ee14bbb2fcec72a180779d0f4a3882a,521.6430641235928
216e03600af9acd2e1f85303beb31366bdd05c4f,212.07707030409728
e405266344fb53df126af9fe09419f8c49b2cb80,506.71774929109375
f65d6d417a0f0e29d63de0e0b55479aa193419f7,222.61851929252197
517c83ac8f1549d395c3ba12562cfdc4f0db688b,248.3647896629524
1846d3ee1ac661616b677348a8a7a7aa7639b5e8,312.6848039899228
68fb9ccde2c795925db20c54808ce39ea29f9580,452.4936014177919
0dfad3e2465c27c7a01b172df43e96a9343bc877,81.80605982791221
3b954f244f113c33edfbf5b8116bcfc18fdbff71,227.8770173801064
ccf59a5a3714de7f546cc6a2168044419ebc12a2,600.3370795917174
81272c934b63edda7b2c6ca9f268f5a594ce5131,577.0916549423381
a564a07b0a14fac896fee84823537808e7c2b6f4,517.2754205428635
c02ab582e08aaeca9d075eecd110b3ae914fbe25,374.01455597863946
6687f3c21a171b932039f51cb14f1a7306a4b6a3,131.8082070336451
22cc2eb3ece81074e6dbd5efe2dbd5d10afb5840,117.28690831154591
13f1ea44ff2b7094942812a905745c719e209b0b,226.84830443580256
de1ba10b2b68ad45a669d164f18db50135d61297,267.6724895127818
b2bc4643e75d271fedf8f25928173e359b9d10df,235.5581142
59325b5a99a00fe5e8007788406d758c34051e9f,212.31773204305472
da8d7a5e7996bf225dde42e7a0e66a92359d102d,341.42173078931506
7fc1649c77a577cbd7893f4e3ed89ff542d9e3c2,664.8172203746509
847d88b282780a11b682814f019fcc9e444db809,392.31266678152303
62f6b5a378b3942033895e0bf88ee72a566794b7,503.56496336934254
a7303f4e8da8737691fc5803f2fcc1fba73b1c5f,163.86129550472546
b9d55cff57b492a19f70c8367d88048159198a06,526.1786957270127
037158ce34a79cee4dd9ddafd4c7b8ca90327429,410.1309000639188
ebfdfcefeaa4148ec27eca02f529b896fe155f8f,270.35405774736483
55bd3201fa7465188c2c70169f2e9407efe89cba,522.1328401089133
31204399ff9843bb19cb9750c36260dacd0ad3e3,471.8117123466035
0cdc8c492978d2ef0285cdf8f5236684314a12cd,519.3261780117653
ae090ac7b421da3981f417983bf7cc75136411eb,558.7474366778774
4422d2361b7cf28417a13aee66cf91d6f0a4a87a,107.8132572686754
8fe5068677f925b38c5c2fd0db4d9d876a3eac57,551.9983471976811
016b7124144bdb5822af25b395629a805e22ec91,178.93398632425567
a1639e7871881ef53f45c5a8c8e5a4d42dc73347,316.8770659086848
fe549244512331e1229c839e863d83a3638b1bbd,116.42374819274528
6e0e372e926b3589ef8fe67ee955ef197b262075,494.08100782867433
211afb16159815485e4edaf53f202f30d68d217b,269.8725488333926
c614f744d2863a2206be1f86eb32dfaef7c2363c,655.4297719068209
cd07d797aefc9992087f10f1c6ff48b13bf4450f,576.2020462
08c5771a634d6ce1269b5e03de7c96ef0a856558,316.33965747932257
7782c6f80f8c16a3fda7863722e9399e71fe96b1,279.4016949125559
18396fcf5f98aac97ec6127f7924868d3ef7bd9e,1234.8309862511155
6d0a27712f982838ea4e2763d486818853630edd,659.5817692567626
09bcad48d0185d5c1cd04957300dc4f876111017,428.2864351223185
3dcd5ed07a3850c11605988071a327a5685938a2,211.3626637787297
3cdfba46718f763c6a8838a9ef9856759b25841f,416.1217410845622
c2cd66a2ac884e61d6afc5fa5cd8e271f1482cd2,340.19168090834773
b7d69db25c114771689e75b02d1e5861b4a44564,538.7041917
c3796f5a839deb113d14052599ae9112204bda69,272.97417000696544
e93c9bb9aca8818fe4f5ac98a6f31d6ad30e819e,456.7133764
81bca117796907ff95667efc8673877ee01839af,266.0578815879634
88c3fb65b5920f24c35ab0e5af0e63dfee325694,304.8638954360807
bf904b7c7b37961238f376325496c7fb67c275d8,609.6049748753646
7694076619c298b4556297b20afaf8eb50461cdf,461.13830173796816
53030702dafbc98380b87618a6786a1c0278912c,409.9586500366101
f1f7a3feb07f52a299616a306a2374428a60b9d4,38.93460445165664
65e09ff2b114c59c2432364ebe0985de430034b7,264.97822880893887
6bb1b0754829982c54484e4d2772d2616871b8ff,681.9000786956639
bc3c71dc19d09389180e0fcbdc14205e7da08a90,570.1705575831011
f5a81b8b5f85ece95ef32c17c812ac878b2d0d8b,551.3706600277283
bd2c50c1151f341a8a47a2095a4f7a2feef7904f,52.87448654654048
13a359b8104dd860f6ef78ad52a2bf0a1fedf75c,137.46754823208704
fe0ed8c9737fc8fecc09ca479657e87bd5378906,355.10856690948657
9abf64a9b0f68285e596cfd52740aad7adc7107a,147.64801810103148
55aecc6628fcfb6fc7afb0c8d5c2c135e66058b1,392.54219738229824
b76250a480383127f8406788203703b8923ceb16,352.52936695213634
18c836a2aa6ac974abb7ae88b69d463f6ae44fca,373.3005166292671
a540f5b1639f7c7d09108c6893fb30986b89c533,511.5226472380229
70e1d92abb87036fac1fc12cdb769d2df0938529,368.1522169699115
003af1e4636109b822c9acfa703cb517c46d89fc,145.7426001857075
4e93224fdadea827bd06c9bc727dfe85eb2e9236,65.3897308
a4b506ad554bf35ae6d966f8997b30554e28e967,160.2204384325778
6dd18dfee0b58ade4f67f1e5f111c57f60599dff,151.58570908265068
637aa60cb3c5b707c57db84190273c2359f36bb7,547.2694987
d641dcf7df9dd49f9842ed4b53b5c439f1af1725,0
949299bedcc324635a1b36cfe3a0576f2998dce8,269.7992589220812
337ceb78dd62b5bce81b7b7f34439574484da2ef,427.8428595365971
b032c7c0874f4bf88ac83799db6e22a3671a9548,98.92042618506738
81c84c1a4746858d5ad0667568ae5c78c90bdd18,122.3699578956676
e756d6c279be556e10303dee655b3b6381df161b,61.42239390000006
4e526f46cb16f0f62612ed17c88433d1c9b0b1c2,323.8468531895619
6ca9cb26b733531c9d51fc82567ecfacda4bf9d9,105.04394129883636
32e156a46073e01cc070b292a84003e40760c009,186.3696640710756
f8c628afc5a0bcc09c78de315be28c8fb0d2b586,440.7771968406673
c6fe1559a92b885537ef0ed6824f27f076f5f078,162.14425789342792
083d603cf3249f2f57c04b16db50218beba3c152,0
b82253f5145945f4206de3591d739a50146587be,194.00007861487035
cd3171c51a380856b0f39077b530e4b9525f38bb,255.9508006863437
8e279ef4dafa65d4db8b0d74ae3db9a34e513259,281.5855254
bbb949d31b22f9af2ddca2a9a26b505e2b256f52,264.8589125706914
6a55ade739b29c01ae413f274bfb7d97d36247a0,312.3980863149688
c36612f893a26b390538c1fe96f0f1655ea6afff,370.2879862420443
73954cf0580c676cbbd2426384d69bce4d997458,53.99596131955883
6eeab0ba2727d817ac0775cc708ec86d78124c05,194.05155704334692
a2492466d4a5ab3f0b605db3ce867e966f605a0d,283.1434621038973
6af4fd2b0e2411b744d0587be50052a125628dc3,250.97924599141135
97864bd4db7076b4cffb32c072171dbf26e54789,243.30015051748683
25561edff0b8cb2a606946dbd30d011b1edcd4ff,180.19034207394685
c3a4ec04fc9ce6e0aad6137bbba6ae7553d5669e,22.49396468751232
c1a687ca25c227e4ad472453df39aad813b8cd5b,209.66542264788356
6abe653fe11a79a725382f995ad6d20da6afa47d,8.209946470907425
8fc15777ba7771d58f5b6315b8f94ebf01026c9d,262.6247113882147
5b1ac9a19d0b1dbc0ab174aeb665fc68f4a7012d,214.29538108166503
e4ba6c019866c79d03d1e1be7e49acc9453ccf99,122.95149119882336
4b741cd08d43d5689304eb372773dd4783667db6,64.39576809265583
1aa97033b20b51d4e32c2c8fcdbad5007a17f112,125.58720243462425
5a3e52aaa72d33484ffed076c098db72e7b89b43,366.1680814453106
3791ba74aa33cea6ebb3f70277d0c6089188d87b,694.4225294136816
a7ab335ba29a72bc194f77b694f23bd2eea9c4da,66.74555335088846
886d88cfb015796450723c53c2d9d0ed7e757a36,450.72474345301634
0f46bb1ed363d593af42cfddbe027922aff10780,418.6275118
dcbd880cb90b63d48076b51692bc81c55bfec66a,187.6482185503757
db5a959497a3f45b886a20f13e5f0b70faee6927,80.32051898606971
d874a540fae4dd563dae874e4bb87e6d4e17bc9d,399.8368621446824
a45fbcb3331ccf78609bc7b102f4a9c4166c99cd,50.32278881434021
a8bc5d972d9f4c0989ecec80cebd10d6d906b41e,257.10082321346675
6f137dc6476b3dcd40fb2ad6fa57aad5e75661b4,94.29451675
153b10980f9eca97fe1b1246e7b424449c1aae67,196.49884108140563
442fb3a041b8964ed540db3d3dae42bb53126abf,35.162671280217154
cac781e6057a593d09d784ca4526fcbb96a62049,424.44449111519214
af2204da5514e67430e221c1d858a31cd0a6400e,578.0553018635501
74048c5d54f8e79cfee1ca9803658cfdf3bd4755,217.6521489907804
35e22d85a8a64b75bd6dc3b819c33e5064b1be93,37.60596233911912
4aee9fdae0b2902c401daf9b33bb9199c68afc60,191.15208345686403
c9ce359e73fc58d171dff50208d0bd7bde1fef89,186.91140519087287
6abee2a8b911338bf511e5f16c4a187cff8ab85e,475.3081759983617
9b6cc35e0e92b9434e3b5034c9fa66b507cc6928,196.49744805450013
18c74a28b8a5783fa44148b2a8e2eca079e97f80,244.0537904851192
1ceead9f26f4ecdc74ef8e8e5adce55797d2d824,178.49752793613993
72eff2388181d1ad10baed69adc7fceaecd485e6,429.0726972
626a2b1275b2b44ff9d7e4713fa11c7379d03f60,605.7979617981842
2aed313649b643ed7472d3288d52df873c27722f,242.2188017202569
d3e3a0082587b69525d0a4abec172725765d21b2,138.57886207050933
1840dc0b0ec72496c4a26e81eb131e1d117a3b3e,389.28004570911503
2f4d15f54d90d74da63a1cb72e6dcad1ce2e01fa,295.63856267666245
b457b98c999402bcaafcbc50238ebc5d85510b5f,160.0414480597268
b55ad857cb7cba7a2a30ce9162b84918cc9eaec2,314.6028517566908
87758f0175a131b8836b7c378aad170e3c379671,292.30010709976546
67594f978c407d20d7869d35fd2b2bc172b958ab,250.1394206532992
04fff5fe242de0e6f076cf320985c8ef8643e589,0
2592df55723601efd9d98374e329ce7402b3de99,91.47427558662424
42baade93e7827481581ac72a2bf685095bbbb75,160.5951173947077
c15acd7eb2cabec4fc9dfa9bb7f6cda1ebed7a57,226.4402803797848
d9c9f5241a964c7d7bd723e78ae75f2214b40ffb,248.8197249751012
7697cdad70aa01d9e4015b56f31a29246e651111,315.53016903732765
433033275abc78034d1bef3dd7b4e42a05962ee4,143.62866702686784
041315d0596ffddb891dd84ae1bb692431921fe6,400.2818946527008
5c473a89276efe87cf2f62aa3b211f7253c11ee6,158.42114323153078
35977534b4c84824da88911ef0d1bfb5a4cd371a,98.45749872
7b00d5dda854778e8d3ba783d4918faddae32575,480.3758932706515
d9fefc8b919e8b74dd1ca8427d8780965d5955c5,36.66858488338545
bbc17beec3602b1f8612e38ac90344bcb8bb9545,214.3037220356545
b96aacc9d189d612fdf6bb0a3a53913f9a58f999,412.1142051766503
1283c202465a158258273e47609c0946ab2380b3,424.0059161899919
1ff4dd49bd3453db6bf302add09243dac7c06525,240.3743592027028
e8e3abc187db59ca65c07ba830a93d1d18d568d7,332.1955574068268
cb1e547b7c66c37dbe3e9495bfd0eec9cae1ad9b,513.3049215048447
2d7a24e3c952e59b1e215ea9963fa645df14ba41,237.7618148974524
9ce7d8a2abb80aa52ddbf3118d4a37b127b2c034,371.1348361782953
e79630dcafa946904812082e560f9e27feb949a9,109.7774131079887
fe80da2e964fa0782b5d30725105f59444a90261,379.9272282562665
02608b1a3a44adacbae06ceb30accc9110a0e336,330.5376763407795
582621ee977358425c653bf118ddddd18b77242f,347.26524808972806
1ebae1b84a40ad0df0cee1c8d59b9b8fe31dac37,389.1787652801196
6772422e813047d9619db583793aed488a8785d5,136.30043209893918
cf37ddacfdbd60f20cff15e645d2e04264791399,240.5998792575728
c7d82e48d6506ad99ed9656182326ef9576a14cc,402.1029218020912
f48c078f81d0ec2d13652239064709870621c5bc,230.30989741204348
cd8cf54b5294970b1449c81e79e877ac218128f1,376.4570253639605
bbd2b8abf772b70d3b09f8e1ef274e6a1b6c8c3e,624.2340993
0b8026eede08f8cfede660d778e8bb153749973d,115.47525373125248
07fdf16fffcf71dcb7fb848addba74df1ee36048,205.07275193125344
7a41536ca370190d3d4d569d8b78369f63297956,120.25921549512556
80f3a94c7bf1ed6397017744dbb75ff931902e2d,454.3641180659948
a8bb5bb25de0ae8cdcf2ead3b205f91e19453a23,369.23148405840425
1555357c4809b66ac35fa0096f378680a822b65e,126.3839386217843
0c55d44ed69e8e022327a2e878343216c0b246c4,397.5578022429369
0ca329fc49d750ff089b64c0dcb78465bba6ca5e,165.6790354924375
5f4de44606c93f7d27570c7867fd0593c779230d,153.04835591604308
0084c15ee1d82fb5b793e1ff130f46651dd13e17,117.2977957334222
00f2af912fbb0f299e177f6ff00fafed7bf79aa5,87.82607698
97f7a1f1d6c0a539b27cbaf98b258ac56f901a3d,184.4564887037452
deee4ae4eeaae0811fbe9e0faeaa9b24f5041c35,88.38724718418706
4db40d43d3837e7374794f2b575170a649ccd79d,46.51733943179647
5eb57ef29a7d2551535638fdbdf7cab4d5919b3c,551.5235572235915
383e94bde2444fafd3a346803843c1f1319e5149,636.8520076126445
eafda445eb3424a25c0aa64767bb6962623dfa5c,222.98156871593164
9b52235d7b694738421b6c2ed9271edb04553492,483.4976465439042
046aa119cf276cb291309b36e32ae78957fe3818,325.4427058910172
522732ffbe0234d4237e4d269207edd5bf0ee5bd,251.36890723282383
d54cf9971760639469b38340a9e5179e88cc9565,146.5981293668516
74fbd2c42d3848988ba22644a52c38a95f26283b,481.67070087948855
a9575a219e177b56f4550f5f8fa4f0d9e4a63524,105.24011998367692
b675e6a4582eeb4b59c434f8f5d8d0714b0b1abe,413.6391989052119
c17f6680b24e0e7306ccc02beb858c91e9efc7b4,346.2694080665306
8d5fa26e75d233f2a4a8179fd778281b12a94445,278.6020189320602
a9b53974ac34cd7c03133051645ef424e81c3073,599.5695791372134
7342c287be8b3735d2c7dc1688a60447dea969d1,199.0679519956103
9c9042a648cc4c291bb50e605647207ca6198e52,58.27615866674134
8c6225f4d65d2c7f53ac99f03ac9462b6ed219c2,121.26308852606655
98bbd7845155dd969b1ea100f72d9acb2a6357bc,341.52518114464937
805ae58281deba6d30ed460ec662adc6489bd7e0,390.5429052149336
cb619f0f5f6b317a44988779b7e821830bd94389,306.33279296159407
5f745e71f935fbba858a1ca04749e6b00f9b4c84,207.1366034
1c3af27dc3d3052f28798b634f1d0c21c5a5b909,294.3283670495776
37ab844291002536a60b6aa57cbbed2c7f132b2e,133.5077054028407
d468c4db9f6cb97ca4152440eb9c9099eaca9186,409.2520641845251
c1c3e5b6f43ab1b1eccefeb8b6b2d22bc72758e4,179.86398443758583
929edab2a8d29837776c3f50bea0d3f72d3a49cc,479.3725343261123
b6053cab8b9347284f9e4d50946741e97c13bd29,143.73623863040382
5c510f4d67fc4cb4eceed1dff895cdcda5e74d4e,258.5363942921139
029a2a4091a3dadd2e8b2c9945c49172bc9a2d13,193.07057392721416
ccbeebb83e2f368d70aca48df9d3cab30efa80cf,372.86530815752246
8f207761a5d661092d192327d82b31fffb03520c,580.2977074398848
355c86965a10a2e036f29b00eac8dc7ab0637c15,481.30631458652175
2f7fd76e945aaedd0d86916e6e0aa0396954cd82,597.4035268849053
ba083a4eaa2ab6bce8f4f6ca0479607ac4156d08,404.1299932266632
e2b86e2b7bf12290092a79a951fc820c8dd57bc6,224.9682284931504
f2ec743cb62f5b9bcaa72bd6a5b7b0072cca96a5,330.4363337
1500346001a2e1cfe45d8e51dd60c4c17e77dcfe,394.38178527283605
e42a90a0e1a26abdda5a1df8b9f5e94a10ab3c85,626.3229059081755
a3ebad92341cbd9f898f20ef6c818ce1821913df,473.5464834336721
c1efd3145c820257fae2347ff5675817cfb37bca,361.0890351226235
353dd0a803b3ecbe1771f4531f67d28ef10e8604,562.1311717168476
806d60fa9695fda61e624eb0c6119eb0c1856ebd,313.6314943583881
1ce31d2c34c99066c4e1f9f1b1628adc562487fe,112.5781941733992
ae4482e6eb66198561ebdd43c0912881ac682933,80.76042709399252
d94deb665ae01b16da724920198bb128769a1cdd,488.5052083
dd1a7779b1dfec83d4aa0c198b20f71c7b7783bc,296.48571696350035
faebeb39afd5dd26f5afd5cef11d5780b8a8d04e,464.1794949499831
a6f7d8d0bc6a651cf224abaed2235f269a69af99,378.1404948
27649f3623a0bd504a07741df2773cc253ce7c61,236.5329380426193
f639d39ce0987e43f6c9b93bced9a3c918b9bdf9,211.25218112500087
deb7b468a91c97b3c1b2c019c08913d7aed65774,633.2477391238352
9b9fad3a6cc34d2070b2847bfb99a4de6cd99851,210.50885631325056
e3943e72463136e12a58a619566752b39c7cbec2,290.1195363844589
3009ab35873ae4b9a5a1022926464083423c02a5,520.9407415
061eb45e0292790d19a0638e0bd4edb4dad2d319,404.9039155944808
4d6127941ac5ecd5c14f8f666dad7d62723ddfe4,650.5540928264252
fe6eac0778f476c3f1ffe6a1fd637f077573e077,559.0617709550214
f520169b688bef43a04467c83c70597e247e2da3,486.6452519727533
e6c886ab4b45aceb8372e0ff4568b6a369bf0d92,281.1208231633256
7e2ea9a1e09ecedbb82fa041fa50fa6f9b1f2e88,445.3140171984022
2923b2767d40064620b34fd192dd7af293143844,110.96934539053711
75174627fd934205ab7d1905d926b580814f9759,528.2187990500148
1bae958c3003100a62896444235627a7ab5a75e2,483.522408
c04bfbc3f42ec36472468471b3a7163f39671a33,439.0426473815603
f519c59c8531db09e24f5106365de01febc08b44,507.8891613420338
baa3b17a346a64bd69409ed26f14711da996d4ae,451.8911227
ad9fffe6e5f822d9ee61fe0ee76bce420f15b799,346.51876800677866
db1e1ade2a9bbb88fbfbbf278e96a5f1a9a44473,454.0707444036661
ee4f263a4d96c4e86e6866ed2fa9411a5d747b07,168.21076760203647
a28d972a945f563770f28a9fddcd0bea048d761b,398.3052682767399
7788ff0375c64348d36ae12869506ad498eefef4,431.5268049204877
09c4fd07f6de14adc4edeed0aacd4b55f3bbad50,293.5513436880196
dc3388cd406e42cc389f1efb4b2031922476d704,477.1723272151737
0043ac96d4fde6fcfd5a841b8d902661e69a6009,253.4883487426844
96d173cc60387c102f2e79c0c3f995ec87114b33,686.9670640498564
209657ed5b928d363055f7c8edf1b64b804e996d,169.05377088981496
f3d37c982ea714cf89bab21a61e1dfde7bbc0305,390.7652793741967
777050e2c47c0765d24b18c9952d79781c880701,203.31579470593783
2fb16aa71c808667f5df7df8817b2578b60420a4,416.516064
19f683ce76088d78377da48963e1c90cbac9ffaa,229.57365141518463
f07c5c8b44841cd0b4b570ee962b8fd7ba2e3bc4,431.27045962853015
8b56a85ee94ae8780f6ded359e6dfe292bacf2f3,560.2951209706839
f8531db48ef485c8976f712a83ed5a2a426d2b96,259.40325186667883
975ee6226b2a5fd9aeea15763b119ce7e00a26df,379.9052828477567
7a0e9a6d8c15c2362a276c88e9f8ca7f02d608b3,386.6148432633729
8827b470bf94e8b5571254ef073b73c2408faa02,283.6500354855332
2b8fb4c53c71dae6d2e2a528bd24a875942f0553,349.1088954421475
3dd84f5d3a88f824b5a023b724a5585fbf32ba9c,651.1739515
183c175964b224bf2c8168b04c2a313adb7f089c,185.1978813542705
758f4f5d04979599254021276af78a2bd48ed76a,194.7636855993432
5d2e13d8d4d49d2c4fc5659325decd8161066663,374.8432759401771
2dc4d0bb674f68789281dab8a4b3a0148cea088f,110.10842654091644
f6e83e96f0a2019c0a8a8df02534e83d8cbe2c28,564.0214836951816
523ecd5a15ce05328b032e40c14e996ef9f1fcd2,499.77026286086107
91d6f8297a61343c126056e697a96916e24906b2,590.4133871467508
073c953adf860e87af6671245c3aba319b72e225,771.9509036284851
9953eb87ac2126d387cfc6fd55270701d98eb164,339.81845123731466
04919f19fd9c50566716c96ff5f0615b14ccfe3d,440.8899258913002
eb905b0c211f7c81ee95abbdfecd19943ed497a9,277.9141775711116
da5ce67803a8039d079ca666c6885e8ea01a2a75,223.9663934955572
46571913dbc31676e98be5ad4db1f9d974f040a6,643.6039403380266
fa9c5a61fd58a93ae43a0c336c0968619321caf3,575.8064045734179
550f85b6d95890392ee22d2d9e9b75d876cecf86,576.8381666750813
64893d74bbfe9801198bca87c19e4c084b3e7fcb,523.9435969411944
f38e4748144bb5c7450174f0fc94c83f912a5372,482.6138796664658
58bd390684a1b46fc0f2df6e75a8c563593e307e,556.0416586884483
2622dac5f67183f0c4a5b57e73549123f201cd74,76.31231822849742
dbf508e6a2984148d1b7391d29bbfbb421f3180b,292.3374495371856
e29d82777ff1d4d9517ce77a565d1f20ad9109ed,582.7574465292723
061aec6a5629bac2e9003c1b716a09127b313711,395.8510253467087
f4d4a36c6b6648bef8169a0283096680fc1a5de7,437.0170192121849
4b28c0a343bdcb5f79b9ae6c014273f665723a34,370.3249509416039
4465c3d96e03493e5f721991f34e897f7987d8c9,441.9708273870239
72652f1b57a59f4a8e278cf070cca49ccdfce670,258.70788083471894
c7c83eaa9fe8da2f81c5fce172059af61448b3e7,331.29550448733806
b7fbeb6e14a4fbade5bce6353b1ef65a3422e6dc,246.02531803481295
3a4a2059eda2a9c1518d5404384519ea6343991f,119.77287567338084
5e2471543554c6e6c724baab37d616f6d11d57e9,344.1375152350893
401e7703c0eb224fb61797e3bdfca6b4b93c455d,368.05172533909695
fa3e8eaf33094acd8695929a324a43956446ff27,187.3511098
305b67fad711a094722b604fb6edbc5c1f4a13e7,321.84142416661655
2d5dea952171a05e9b9f20a9fb02c97a1155e6b0,273.5628628176827
9dc0903fd6704325b19057c6733c91c5f88904ef,543.1883707
43e789a2c98c9229310d406b78f236ea838d0ae6,256.3300637586263
9670df799799c7b799a7004f69d85f626799256c,620.7828981545333
2eb51c2ed0a7a9c7e4c8bd01bab20e9bd2fdbf06,528.8771484483699
3b8a3d1f027410d3ff7ec543ed891d29e66af4ab,155.48476143723911
84efa1f1b49e61ebdeb8aa5034d4d4141b4b20aa,467.15258392701134
cb0945d75bacbce335c5bad0d0e838f5d9836752,457.7590805807488
50e99f6d711f91de991d3083da5e92d455604eee,172.12077053489537
00e99b6a19161174f9f6520a80783c70236d8403,455.9503386831832
1a35380236861a3e9242fc1790692a52ca977c92,365.4393890319641
4624f24cd9ff75f49ed23c84b4f855ff2beb2ba2,173.17419142523158
837484931d4d9194973ae70dbc31984c986adcdb,317.72349878266255
a4226052c7e0d04d4c9fdc737eada8c1d5d8e8ab,431.0933574
35941e56cf0ad1cf4d0ad279953b6f73b523f8cb,433.71882060938674
